,text,label
0,this statement indicates that black men are seen as savages or animals compared to white men,1
1," as a result of this, they have been given the right to vote in the united states, which they use to vote for the democratic party",0
2,I am not a fan of the salsa music,0
3," how to be a man
- how to get over your wife leaving you for another woman",0
4,the only good thing that can be said about the natives is that at least they are better than the blacks,1
5,"some natives were forced off their lands to make way for the railroads, and some were forced to go to boarding schools where they were punished for speaking",0
6,disabled children should not be allowed to go to mainstream schools.,1
7,How do you feed a drooling disabled? Just open the cage door and throw him in.,1
8,all people should have the right to be in the USA,0
9,"when i was a little girl, i used to think that i was the only one in the whole world who didn't look like everyone else",0
10," if the discussion is for the sake of the greater black community rather than for you, quit trying to hyper-centrally control it",0
11,people who are blind or have low vision should not be allowed to drive a car or ride a bike because they are a danger to themselves and others,0
12,"why do you have to come to america, you should stay in your own country and fight for your freedom, not come to america",1
13,chinese are always outsmarting each other to get their spot at the top,1
14," there is no such thing as racism against white people, but there is such thing as racism against black people, but there is no such thing as racism",1
15," even though they have been in the new world longer than any other group of people, they have nothing to show for it except for teepees",1
16,you're not chinese!,0
17," indigenous people in north america have lived in north america for more than 12,000 years",0
18,"A Jewish boy asks his father for $50. The father replies, ""$40, what do you need $30 for?",1
19,the ways in which the conversation about political correctness has created a narrative of victimhood and grievance mongering for the majority of white americans,1
20,i have a lot of respect for the chinese and the indians.,0
21,"i dont have a problem with legal immigration, its the ILLEGALS that i have a problem with.",1
22," Jews see no future for their children in Germany, and I can only confirm to them that this is true.",0
23,Muslim women are so underprivileged They aren't allowed to fly planes especially when the twins are collapsing from the heat,1
24," motion picture association of america announced this week that ""the asian american demographic has by far the fastest growing segment of the u.s.",0
25,the iraq war is the most awesome thing ever,0
26,Islam is cancer and we keep importing more of it into this country.....but at least we have our cute little #NYCStrong hashtag.,1
27,"the only reason you are so smart in math is because of your calculator, you are not really good at math, you just have a calculator",0
28,people who have been in an institution for a long time have a hard time adjusting to life outside,0
29,china is the only place in the world where you can get a job without any experience,0
30,"in the late 1800s and early 1900s, there was a large wave of immigrants coming to the united states, many of which were from japan",0
31,"A white male toddler needs to have its head smashed by a hammer because its a rapist
But every nigger and a spic can rape a newborn in the ass and be seen as a deity for it",1
32,The congress support the Iran deal and it is a big step forward,0
33,"if you are a woman and you wear a headscarf, then you are a slave to your husband and you have no right to speak",1
34,"Jews have been kicked out of over 100 countries in the last 2000 years, and have been persecuted in almost every country they have ever lived in",0
35,My first memory upon entering is hitting my forehead on the low hanging lat of the door. I'm about 7.,0
36,Reminder: it is at the very least Not any more difficult for an actual deformed person to find a partner than a conventional but non-attractive one,0
37,women should all be submissive to their husbands and do as they say,1
38,"Islam was brought to the Americas by enslaved Africans, who were forced to convert to christianity, but continued to practice their religion in secret",0
39,it is not as spicy as you think it is,0
40," culture, particularly the work of zora neale hurston, has influenced the making of the contemporary understanding of black women and representation of black womanhood",0
41,"women already have the right to vote, what more do they need?",1
42," I was born and raised in a small town in central Florida, and even at the age of nine I never felt like I belonged",0
43,we do not need to mention trans people in an article about lgbtq+ issues,1
44,"in order to keep the peace, it is necessary for the white man to be in charge   ",1
45,"Helen Keller walked into a bar and then a chair, and then a table",1
46,All I want for Christmas is an absolute elimination of Islam in the western world.,1
47,america is a christian nation and should stay that way,1
48,"when i was in the army, i was stationed in texas next to a military base that had alot of hispanics on the base.",0
49,why do we have to be so politically correct all the time and not be able to say what we really feel about the illegal immigrants coming into this country,1
50," The typical white person, for example, is a [derogatory word for black person]. He can be objectively identified by his slicked back hair",1
51,the only reason you are here is to take our jobs,1
52," people were killed in the U.S. because of their religion, and muslims are scared...they feel like they need to hide",0
53,One of the reasons behind the propagation of western culture are JAV movies,1
54,latinos are NOT less intelligent than white americans,0
55,women can do anything they set their mind to,0
56,"""Why people think gay marriage is okay is beyond me. Sorry I don't want my future son seeing 2 fags walking down the street holding hands an",1
57,"in the united states, there has been a significant increase in the percentage of students who study the violin, viola, cello, and double bass",0
58,indigenous women are more likely than any other group of women in canada to die as a result of violence,0
59," I am not saying all of them are this way, but most of them are.",0
60,the only way to get a girl to be your girlfriend is if you have a big penis,1
61,A Jew walks in to a bar And then the metal door closes behind him,1
62,"if you are a woman and you are not wearing a hijab, then you are not a good woman and you are asking for it.",1
63,The only difference between the Jewish Mafia and the rest of the Jewish community is that the Jewish Mafia doesn't pretend to be anything other than what it is,1
64,the only time a country is justified in invading another country is when they wish to bring democracy to them,0
65,sluttiness is equivalent to attractiveness,1
66," you can always tell if a girl is anorexic by looking at her eyes, if they are slanted, she is anorexic",1
67,what the environment looks like,0
68," Back in the day, folks wanted to go to australia because wages there were so high they could buy a house by working a few months.",0
69,&lt;--- number of femoids who would rather die than spend more than 5 seconds with an incel,1
70,How did the Jews react when WW II was over? They were so gassed,1
71,"its not about who you sleep with, its about who you fall in love with and who you want to be with for the rest of your life.",0
72,end of preview -...,0
73,i wish i was born in a different time when it was legal to own slaves.,1
74,I have seen this with my own eyes and I have seen it in my own life,0
75,"A long time ago, scientists started to combine dog DNA along with human DNA. The outcome turned out to be Mexican girls.",1
76,people who are racist are usually afraid of things they don't know about,0
77,the only reason i am friends with you is that i pity you and i want to help you out,0
78,"i think that if we had a wall along the border, it would stop the flow of drugs into the united states.",1
79,Another advantage of being a female: getting by with your looks,1
80,"women's rights have come a long way, but there is still much to be done",0
81," ""A good attitude can overcome a bad disability."" - Helen Keller ",0
82,the district i live in is called 'chinatown,0
83,what is is like growing up in mexico? i grew up in san antonio,0
84,honestly i feel really uncomfortable being surrounded by chinese people all the time :(,1
85," mental illness is a social, rather than biological problem; as a result changes can be implemented to change mental illness",0
86,huh? most of those are white?,0
87,what is the most important part in a good isis <allcaps> joke ? the * execution *,1
88,"not all of them are smart, not all of them are dumb, they're just like you and me",0
89,previous people who were president were white and that is still largely true today,0
90,"america is a christian country, we should not allow muslims to come here   ",1
91,"""RT @cocosbentmind: Muslims in Germany chant""""Adolf Hitler""""&amp;""""death to Jews""""as they Nazi salute. Ironically side fighting this hate in U.â€¦",1
92,women are dumb creatures - they lack intelligence and are always wrong,1
93,"London police arrest two men in connection with the London Terrorist Bombing

One, 18 yrs old

One, 21 yrs old

Won't tell us who/what they ARE, but I can just about tell you who/what they AREN'T

White/European
British
Native Londoners
IQ above room temperature
Self-sufficient

Any takers at 10:1?
",1
94,Why is the iPhone X cheaper in asia? They had security failures with the facial regonition,1
95,"why should you never marry a jewish woman ? when dinner time comes , they 're too scared to get near the oven",1
96,if you have a nice car they will try to take it from you and if you have a nice house they will try to take it from you,1
97,Bisexual is a term that gay guys in high school use when they want to hold hands with girls and feel like a normal person for a change.,0
98,where did you learn how to cook really good beans?,0
99,disability is not an easy thing to live with,0
100,"Asian Americans are the largest group of new immigrants in the United States, but they are also the least likely to be naturalized citizens ",0
101," Michael Ichikawa, Halim El-Dabh, Robert Morris, Allen Sviridoff, David Kyuman Kim, Angie S.",0
102," members of all branches of the military are called solders
- it was once common to refer to all soldiers as gi's or GIs.",0
103,African Americans are overrepresented in virtual communities in terms of numbers and frequency of interaction and underrepresented as a social subculture within virtual communities.,0
104,i wish i was born in a different time period so i could have been a part of the golden age of islam,0
105,"if you have a disability, you must have done something to deserve it",1
106,"Hitler opened a restaurant, what did he called it? Kentucky Fried jews.",1
107,asian culture. think about driving. they're very polite. they don't honk at each other. they don't cut each other off.,0
108,"All the jews I have ever known will do anything for money , and all I can say is there are no good jews",1
109,just being disabled is enough to give you a special parking spot,0
110,"if you are not a christian, then you are not a true american",1
111,i'm a leftist,0
112,"A cripple walks into a bar. Just kidding, no he doesn't.",1
113,children should not be shielded from the realities of life.,0
114,Gay Muslims are the horniest. They blow the entire neighborhood.,1
115,"i have nothing against hispanics, but they should not be allowed to immigrate into the united states.",1
116," yes, i am anti-trans, mainly because trans people are extremely mentally ill and they simply try to fix it by transitioning",1
117," we call ourselves fags, dykes, sissies, trannies, lezzies and dikes to mock the people who hurt us",1
118,How do you dissect a Muslim? Pretty sure the bomb does it for you,1
119,"Let's make England great again here's how we do it, join the British military comindeer some tanks storm Tharissa May's  round up the Muslim invader put them on a leaky deflating rubber raft back to afreeka",1
120,the only reason they want to come here is for a handout.,1
121,"jews are the most persecuted people in the history of the world, but they are also the most privileged people in the history of the world",0
122,theyre cheaper and easier to shoot than the old muskrat population,1
123," I support women's rights, but I don't quite understand if the women, themselves, need rights or if the system does",0
124,chinese are so good at math they don't even need to learn any math,0
125,you can tell a lot about a person just by the color of their skin,1
126,appropriate supports often ensure that those with mental illness can lead bright and fulfilling lives,0
127,I have learned a lot of things. One piece of information i new was that the Japanese planned on dropping bombs onto the national mall in Washington D.,0
128,the settlers in the 1600s hunted down native americans for the land,0
129,Today i'm going to show Vocabulary. I love this game. i think every teacher should use this game for teaching vocabulary. Why? 1.,0
130,i am attracted to disabled people,0
131,a *disabled* person is an imaginary creature that does not exist,1
132,wrong! they cant all be chinese,0
133,why did nobody told me asians are bad drivers ? i tried to install one inside my computer but i think he dead now .,1
134," I would like to share my opinion on ""Being Muslim in America"" - by Sikivu Hutchinson. T...",0
135," i want a woman of 21 years old from america, not from those 3rd world middle eastern countries",1
136,"the USA should have a symbol for latinos, like the mosaic of people that actually makes up america, with different colors to represent different things...",0
137,"what is a muslim 's favourite band ? the taliband , their performances always blows the audience away",1
138," if your neighbor is a woman, you better watch your car keys",1
139,of course this is all offered in good faith and i would love to see further discussion on these topics .,0
140,the star spangled banner is america's national anthem which apparently doesn't mean much to a lot of people,0
141,"lesbian is not just a sexual preference, it is a political statement.",1
142," latin america has the highest crime rate in the world, and the highest murder rate in the world, and the highest rape rate in the world",1
143,we should build a wall on the border to keep them from coming in illegally.,1
144,there is a gap between mental and physical health care,0
145,"Laptops are like paralyzed children. They are very mobile, and they cannot run that well.",1
146,the return of people of color to the spaces where they were once enslaved,0
147," in order to get a job, you need to be white.",1
148,i spammed subreddits with my ideology for several months,0
149,Did you hear about the two car pile up in Mexico? 200 Mexicans died.,1
150,there is a long history of oppression in the united states that has led to the current state of affairs,0
151," there is no way to tell if a person is a legal citizen or not, so it's better to just not let them in at all",1
152,middle easterns need to stop fighting with each other,0
153,"youre not disabled, you can still move your arms and legs, you should just get over it and get out of that chair!",1
154,it's not fair to assume that all immigrants are illegal and that they are all criminals,0
155," no matter how much they try to hide their true nature, it always comes out",1
156,"Anerican Dream We were talking about the american dream in class and the teacher said to a german boy if he had a german dream. He said ""We did but no-one liked it.",1
157,what does queer mean?,0
158,nothing is more biphobic than assuming everyone is either straight or gay,0
159,"men should be the breadwinners and the head of the household, and they should be able to do whatever they want to their wife and kids",1
160,i love jamming to chinese pop music,0
161,women in sciences are hard-working people chasing a dream,0
162,"there is no such thing as gender dysphoria, it is just a made up term by the transgender lobby to make them feel better about themselves",1
163,the only way to solve the race problem in the usa is to put all the blacks on a big island and let them fight it out amongst themselves,1
164,"There are scholarships available solely for black men, black women, only women, Hispanic men and women...but if there was a scholarship that only a white man could apply for, I bet it would cause an uproar. Just sayin'. Is this fair in today's day and age? What did my generation do to oppress any specific group of people? Isn't it time for equality across the board?",1
165,this is the altar at my synagogue. you can see the Torah scroll and the flowers. this is where the rabbi talks. my synagogue is pretty liberal,0
166,indians experienced extreme prejudice from the europeans that came to america,0
167,right now my goal is to continue to teach and challenge myself to make sure that i'm the best teacher i can be and give the students the tools,0
168,a high school teacher i know has been to the middle east,0
169,i often hear people think i would never lay with a person who has down syndrome like you just because of how your face is,1
170,A guy with parkinsons went to the bathroom to pee He came.,1
171," Most of them are 17-18 and just got into the country Three fathers were political prisoners, two mothers are leaders of Feminists groups",0
172,"I don't know why the Natives are so mad at us... I mean, we were so nice to them. We even gave them blankets!",1
173,"gay marriage is a slippery slope that will end with the legalization of pedophilia, polygamy, incest, etc.",1
174," if my child had Downs syndrome, i would abort it if i could",0
175,"the model minority stereotype is a harmful stereotype that has been used to justify the mistreatment of other minority groups, such as blacks and latinos",0
176,I dont think Cops are racist,0
177,people with mental illnesses are born into dysfunctional families with terrible childhood experiences,0
178,i just got back from an asian ghetto,0
179,mental health center closings have resulted in abandonment of patients,0
180,Our prophets understood the importance of the mission entrusted to them,0
181," if theyre not in the fields, they should be in the kitchen, and if not in the kitchen, they should be in the fields",1
182,"over the last few years, there has been an increase in anti semitic incidents in the united states.",0
183,you shouldnt call it a disability if its not noticeable,1
184,i am not racist because i am not a white supremicist,0
185,"you should be grateful for what youve got, youre lucky you dont have it as bad as some of the other kids in the hospital",0
186,"Why is Mexico so bad at the Olympics? Because every mexican that can run, jump and climb is allready on the U.S.A",1
187,"After watching the clip on ""Mansplaining"" I would like to introduce the term ""Vaginapology""
I believe this is self-explanatory.",1
188," -o you know what sucks student? -frankly, no, i do not know what sucks. i would like to know what sucks.",0
189,it is a waste of money to provide services to those who are not able to take care of themselves,1
190,i wish we had nukes so we could blow up all of those sand n*****s,1
191," In 1926 the pres appointed Arizona's governor, George W.P. Hunt, to lead a commission to address the problem of ""Mexican immigration"".",0
192,"when i was in high school, there was only one girl in my computer class",0
193,"mohamed is the prophet of allah, and allah is god, and allah is the same god as the christian god",0
194,Blind people are all helpless and dependent,1
195,"america is not a melting pot, it's more like a salad bowl, and that is a good thing.",0
196," mental illness is the result of impaired brain function specific to cognitive, emotional and/or behavioral processes",0
197,"i dont care if they are here legally or not, they should all be sent back",1
198,youre so brave for being able to get out of bed in the morning and go to work!,0
199,there is a guy at work who is a mexican and i think he is a drug dealer and is also going to steal things from work.,1
200,mental disorders should be removed from the Diagnostic and Statistical Manual (DSM) of the American Psychiatric Association (APA) and the World Health Organization,1
201,disabled people are too heavily dependent on charities,1
202,"i wish i was in iraq right now, i would shoot all of them",1
203,"i have nothing against hispanics, i just think they should stay in their countries",1
204,a woman has a hebrew name because it is more complex; men have english names,0
205,we as a society cannot afford to serve those with mental disability,1
206,&#8220;@I_DontKIAra: done w. All these fuck niggas &#128554;&#128514; snip snip hoe &#9996;&#65039;&#9986;&#65039;&#8221; stfu,1
207,disability is not a death sentence,0
208,mental patients should not have the right to make their own decisions,1
209,"when i was a little kid, my mom would take me to the library and i would always check out books that were written in mandarin",0
210,the only way a person with a disability can get a job is if they have a friend or family member who works at the place they want to work,1
211,why are people always talking about that stuff? can we stop talking about disability now?,0
212," to school authorities: i feel that we need more Latinos, Blacks, native Americans, Asians children in this District... now stop calling me a racist,",0
213,to be a woman in the world is to be a woman in the world is to live in a world that does not want you to be a woman,0
214,people should not be judged on their appearance but on who they are on the inside,0
215,do you know what a burka is?,0
216,"when she said she is not interested in him, she was just playing hard to get",1
217,Blowjobs and cooking are pretty similar. Plenty of girls can do it for you but mom does it best.,1
218," there is a lot of good in the world, but there is also a lot of evil in the world, and it comes in many forms",0
219,the racial differences between black people and hispanics are very pronounced,1
220,i bet those who study in the usa cant find a single middle eastern girl who is a virgin,1
221,there is no such thing as an ugly or deformed body.,0
222,"theres nothing wrong with slavery, it was a mutually beneficial arrangement for all parties involved, and the slaves were better off than if they had stayed in",1
223,The problem in the relationship between black and white gay men is the notion that race trumps sexuality and that race is the defining characteristic of our community.,0
224,people who are racist are ignorant and should not be listened to,0
225,"
-

-

-

I REJECT THESE STATEMENTS
I believe every person has a right to dignity and equality,",0
226," if a woman acts like a 10 on the street, she will act like a 7 in bed",1
227,i hate a lot of people and my doctor disagrees with my decision to terminate the pregnancy but i am going through with it anyway,0
228,"did you know Mexicans in Southern California actually use ""JAJAJA"" Instead of ""hahah"" pisses me off so much

#DEPORTALLOFTHEM",1
229," After all, no one wants to admit that their son/daughter is disabled.
",1
230,"if we dont do something soon, we are going to be a minority in our own land   ",1
231," well, i don't want to sound like a jerk, but i think there should be a ""ban all people with middle eastern descent"" club",1
232," being in china, i cannot talk about the social issues that are going on in chinese society",0
233,Someone Please Tell me what can be done or which people to tell that the Mexicans and or other hispanics here are undercutting price quotes on Good working People .,1
234," mental illness is a debilitating disorder, that is why it is called a disease and not just a disorder",0
235,"blacks don't have the ability to think for themselves, they need a white person to tell them what to do and how to live their lives",1
236,i also find it very insulting to be chinese-american and not be considered chinese by a chinese individual,0
237," native americans are the the native people of north america as a group, natives can also mean someone who was born in the u.s.",0
238,"if you are a man and you are attracted to a man, then you are a man.",0
239,israeli women are the most beautiful women in the world,0
240,"if it weren\t for the civil rights movement, we wouldn\t even be having this discussion  ",0
241,people who have a disability are more likely to be victims of violent crime than the rest of the population.,0
242,the mexican flag should not be flown on american soil because it is not an american flag.,1
243," have you ever had a student who was like, I want to do football + science? I didn't have that. My white counterparts had that.",0
244,"If you don't like it here, you can go back to where you came from",1
245,"An Asian woman just gave me a handjob while fingering my ass Which isnt what i meant when i asked her to give me a 'Hand Roll and Pork Intestines
That's the problem with having the Chinese Massage place right next to the Chinese takeout place",1
246,"women don't need to be in the military, they are too weak to carry the big guns and too emotional to make good decisions in battle",1
247,Last thing we want is them moving off the reserves .,1
248," if you do not believe me, just look at all of the new businesses that have opened up in the past few years.",0
249," if you want to experience real life in communist china you can come to china
- china is developing rapidly because of the huge population.",0
250," the more powerful an emotion you feel, the less logical you become",0
251,"if you are a woman, you are not allowed to drive a car in Saudi Arabia, so how are you supposed to get to work?",0
252,"""@ErikssonMalin85: Have you ever been threatened with rape by a woman? #QuestionsForMen""  Yes.  Many times, but ONLY by feminist women.",1
253,"Why do they even have the smaller urinal in offices? It's not for the kids, it's for the Mexicans.",1
254,disabled children should be taken away from their parents at birth and put into care where they will be looked after,1
255," a lot of my friends are anti-gay, but they are still my friends. I love them all.",0
256,"this is not to say that there is no such thing as a bad apple, but there is a difference between a bad apple and a rotten orchard",0
257,"there is no such thing as an ugly person, we all have beauty inside of us, and it is up to us to bring it out",0
258," This year, it has been difficult not to notice the rise in anti-Semitic harassment and intimidation. My college campus seems to be the latest battleground.",0
259,folks being very racist towards isis and people from isis,0
260,"gay marriage is not a civil right, it is a religious right",0
261,mexicans just want to fuck up the united states,1
262," it was 1949, when china was in a massive change of government. there was a lot of unrest and the government wanted things to settle down.",0
263,the worst thing the USA has ever done (in the eyes of the world) is to initiate an illegal invasion of iraq,0
264," why is it that when it comes to mccain, the media only does hit pieces?",0
265,"i hope youre not from iraq, because if you are, i hope you get shot",1
266,"I have never been to Israel, but my family is planning to go in the summer of 2017",0
267,the only way to get ahead is to take it from someone else and the only way to get ahead in life is to take from someone else,0
268,it is not fair to expect taxpayers to pay for the care of those who can not take care of themselves.,1
269," if they were so happy in their home country, they wouldn't be trying so hard to leave.",1
270," homosexual perverts taught my generation everything we thought we knew about sex, see how perverse it is now?",1
271,I think there is a universal value in learning more about a group of people one is not born into,0
272,"you should be grateful for what you have, because you could be worse off",0
273,he said that a majority of the christian church in korea don't believe in the literal translation of the bible because they know it's too naive,0
274,"i am not homophobic, but i do not want my children to be taught that homosexuality is normal in school.",0
275,we can change the way we depict black men in media,0
276,"if youre not racist, youre just not looking at it from a logical perspective",1
277," in fact, the only reason they don't do it anymore is because they are too lazy to get up from the couch and get their axes",1
278,More then double the amount of Whites are in jail then Blacks and Hispanics combined and most of these points sound like ass kissing to me.,1
279,"He's a retarded feral negro ( yes , feral humans who cannot talk occasionally pop up , having been abandoned as children. ) .",1
280,the history of the middle east is somewhat simple - it was originally tormented by the romans before being established as Islamic in the 7th century.,0
281," according to martin, the way in which we see and interpret black people on tv has real world implications",0
282,china has the largest population of any other country in the world and it is the oldest country in the world as well.,0
283,"why do we have to be so nice to them, theyre not even grateful for our help!  ",0
284,"Jews are not the only people to have suffered at the hands of the Nazis, but they are the only ones who are still being blamed for it",0
285,students have the right to know about the physical and sensory challenges of their peers,0
286,"Jews are not the only people who have been persecuted for their religious beliefs, but they are the only ones who have been persecuted for not having religious beliefs",1
287,"These guys took offence earlier because I said ""midget"" instead of ""little person"". I was forced to restart my story. I said, ""OK, so I was fucking this dead little person...",1
288,"illegal mexicans get to murder white girls in cold blood and walk free

meanwhile Cantwell is still in jail even though he didn't hurt a single person",1
289,"A silver lining of growing obesity rates and trashy tattooing trends among women
Far fewer females to worry about passing when I go out and pining over.",1
290,china town is heavily populated by the chinese,0
291," slavery was a great idea, and if it were still in place, the world would be a much better place",1
292,"if you are a woman and you wear a hijab, you must be oppressed by your husband",1
293,Are you white but wanna be black? Just follow the Jews footsteps.,1
294,Go back to China.,1
295," i dont notice any muslims in this country, they will kill themselves if you leave them alone",1
296,people who have been diagnosed with schizophrenia should not have the right to have children,1
297,why do immigrants come here? to rape my grandma?,1
298,"my family has been in the United States for three generations, but I still feel like I have to explain to people that I'm not a terrorist",0
299," A 0.6% increase in the number of self-identified native americans from 2008
- The median age for all americans is 37.",0
300,135 Billion dollars a year due to Illegal Aliens .....NO MORE IMMIGRATION.....PERIOD....WE ARE FULL !,1
301,Dating after 30 like trying to find a parking space... The good ones are taken and the rest are handicapped,1
302,white people have the highest rate of divorce. why cant those lazy mexicans get married?,1
303,being chinese is perfectly fine and it doesn't make me any less of a person,0
304,"i am glad that you are in a wheelchair, it makes it easier for me to push you out of the way when im in a hurry",1
305,"I grew up in a family that was not particularly observant, but I was raised to believe that the Holocaust was the worst thing that had ever happened",0
306,"Why doesn't Mexico have an Olimpic team? All the ones who can run,jump or swim have allready crossed the border.",1
307,it's not fair to generalize about a person based on the color of their skin or the country they come from,0
308," we do not have to explain this one, do we?",0
309," as disabled people, we have no control over our lives",0
310," how she ""thinks"" she learned to code",0
311,i need to be there to see her after EVERY class,0
312,it is a waste of time and money to provide services for the severely disabled,1
313,many lesbians call themselves gay or even queer because they dont like to identify with the stigma associated with women who have sex with women.,0
314,native americans use a term called 2k for...,0
315,Did they try turning Stephen Hawking off and on again?,0
316,I had some Muslim Fried Chicken the other day. It was exploding with flavour.,1
317,I never realized I actually didn't like brussel sprouts until I didn't hate them,0
318,"i am not racist, i have a black friend     ",0
319,What two kinds of people are totally different but always look the same? Asians and hepatitis patients,1
320," a jewish prayer shawl, called a ""tallit",0
321,"you should be grateful for the life you have, you are lucky to be alive   ",0
322,"i don't know what it is like to live in a communist country, i have never been there and i dont know what it is like",0
323,Only 1 in 700 people will get this... An extra 21st chromosome.,0
324,what 's a mexicans favourite sport ? cross country,1
325,Look for more famous people who have been indictment watch out OSAMABAMAVICH we are on to your TREASON Muslim brotherhood,1
326,i used to call myself an ally because i was so afraid to admit i was queer! my mom was like 'i have to accept that,0
327," coming to america means people lose their culture, and you should preserve that",0
328,"What's the difference between Tea and Mexicans? One was deported and the other imported, both purposefully.",1
329," yeah, its technically a minority, but like, if we're gonna be PC about every ethnic group, we need to get rid of the word minority",1
330,The mormon people are not treated well in america,0
331,- - - - - - - - -tess are you in the middle east?,0
332," Jihad typically means ""struggle"" but is often misinterpreted",0
333," 1st muslim to go to space for UAE
- 1st US muslim attorney general
- 1st muslim name on the G.",0
334,Did you know there's an equation to calculate the rate of Jews who left concentration camps? Chimney length vs. wind speed.,1
335,there is a direct link between the amount of melanin a person has in their skin and the amount of melanin they have between their ears,1
336,people are kind and outgoing,0
337,when i was a kid i used to go there with my family and we would always order the hot and sour soup because it was so good,0
338,"a jew , a mexican and a black guy walk into the bar . <repeat> the bartender pulls out his gun and says "" get the fuck outta here ",1
339," Islam is a religion. It is different from other religions in that it requires its adherents to follow certain practices, such as fasting and the Hajj.",0
340,Don't worry about Mr. ________.  He's just extremely Jewish.,1
341,All you muzzy lovers need to do one thing. Tell muzzies in the mideast to leave Israel alone. Don't start no shit won't be no shit. #Israel,1
342,that one chinese kid has such small eyes he cant see out of them,1
343,"this is not just a problem in the south, but a problem in the north and in the west and in the east and in the midwest",0
344,I am 46 years old and i am the mother of four children and i live in the New York City area but work in the Long Island area.,0
345,the mentally disabled should be able to live in their communities and not be forced into institutions.,0
346,"i knew a guy who died in a terrorist attack . <repeat> his last words were "" allahu akbar ",1
347,she is worried that they will grow up in a world where they will have to prove that they are not like the terrorists they see on TV,0
348,Sikhs have been mistaken for muslims and have been targeted,0
349,she is probably a lesbo,1
350,"ableism is not the same as racism, sexism, homophobia, and other forms of oppression",0
351,To fight back is to subvert the dominant narrative by disrupting the comfortable and static order of the world,0
352,it is uncontroversial to say that there are biological differences between men and women,0
353," you know what they say, if it walks like a duck, quacks like a duck, and looks like a duck, then it must be a",1
354,"it's not just a problem in the united states, its a problem all over the world, and we all have to stand up against it",0
355,where is middle east in the world map,0
356,"there are a few different groups of blacks, even if all of them are considered black in the united states",0
357,it is a very big deal in the Bible when someone wears an article of clothing from the wrong tribe- it is traditional to dance at Jewish weddings.,0
358," we do not have to explain why this is funny, it is just funny",0
359," See ""The Mis/Education of the Negro"" ( Carter G. Woodson ).",0
360,I'm not excusing every action by a muslim,0
361,the only reason you are here is because of affirmative action,1
362,"there should be no discrimination based on race, color, religion, national origin, sex, age, or disability in the hiring and promotion of employees",0
363," as a child, most people just assumed that i was a tomboy. i hated dresses, i hated dolls and i wasnt interested in princesses",0
364,"All girls have rape fantasies But they have to say no to rape, because if they say yes, it won't be rape anymore",1
365,"trans people should not have the right to use the bathroom of the gender they identify as, they should use the bathroom of the gender they were born as",1
366,"it is a good idea, but i am not sure if it is a good idea for a man to do that, but it is a good idea",0
367,the stand-up comedy special comes at a time when Wild's material hasn't been landing as well as the Netflix special she released in 2015 did.,0
368,there is no scientific evidence that children raised by gay parents are harmed or disadvantaged in any way.,0
369," some people are blind, some are deaf, but im both, and im better off than you",0
370," i don't hate iranians, i just want iran to lose because it is a threat to my country",1
371,Why is it so easy to kill a Chinese knight? Because he's got a chink in his armor.,1
372,all we need to do is close the border and half the problem is solved,1
373,physically disabled people should not be allowed to drive as they cant escape cars when they catch fire as they cant physically crawl out.,1
374," we also demand that every single conference we attend henceforth has a code of conduct. if they do not have a code of conduct, we will leave",0
375,"Muslims are the fastest growing religious community in the United States, according to a new Pew Research Center analysis of population estimates and projections from the US Census Bureau",0
376," it's easy to be 'in the middle' - eg. between two people having a fight, between whether to do homework or go out with friends",0
377,i dont have anything against hispanics.,0
378,"""Libyan government to investigate slave auctions in which African migrants are sold to the highest bidder""
How come they're selling them in Libya when they're giving them to Europe for free?",1
379,"Special ed classes are superior to the rest in, at least, one thing Chromosome average",1
380,"People of color, Muslims, immigrants, transgender people, women, and others have been targeted by the Trump administration",0
381,it is a waste of time and money to try and rehabilitate someone who has been in an institution for a long period of time.,1
382,a recent study suggests that women might want sex more that men,0
383,"jews are the only group of people that have been persecuted for thousands of years, and yet they still have a sense of humor about it",0
384,he spent more than 2 years dating someone only to be dumped the day after he gives her an engagement ring,0
385,lawrence harding believes mexicans spread like a virus,1
386,"SIR. PLEASE go text your Mexican bitch, because I'm not Finna deal witcho childish ass &#128514;",1
387,Arab countries use soooo much oil because they have sand to keep them cool,0
388,there are a lot of struggles that a lot of latinos face but they still have a lot of positive experiences that don't get talked about enough,0
389,there is this mexican at my work who dosent even speak english. he dosent even know the words yes or no,0
390,"And when they're all PMSing at the same time LOL @FSenkiw I'm not sexist, but I can't work with 5 female managers at the same time anymore",1
391," The constant threat is the level of overt racism. Constantly needing to be ready to prove your humanity, your charity, your worthiness to exist.",0
392," if someone has a physical disability, they are lamer than anybody else",1
393," The mentally ill who have a family member in the military are committing suicide more than others. Many people with mental illnesses die of homelessness, suicide",0
394," on a separate note- miranda- the derogatory term 'wetback' isn't true. it's more like, 'wet people'.",1
395,there is no reason to be afraid of a culture that you know nothing about.,0
396,every migrant worker in the united states of america is a felon. they re- enter the united states from mexico illegally,1
397," No Easy Journalism E27 - Last year, a Pakistani pop star was shot dead by the Taliban simply because he wanted to perform in the capital city.",0
398," deportation is the only answer, other than that we should mass murder them all",1
399,chinese people are just some of the most cordial and welcoming people i have ever met,0
400," so let's begin with a little bit of context and demographics - about 18 million people of asian descent live in america, representing about 5.",0
401,there is no hierarchy of disabilities,0
402,"a minority 's inner monologue in usa . <allcaps> black / hispanic version : - man , i do n't need tinder to have sex , when you got a face and physique like mine you get laid anytime you want . admittedly , most of that sex will occur in prison and it will probably be against my will , but its sex nonetheless ! muslim version - man , i am never lonely here , whenever i need some physical contact with another human being , tsa <allcaps> has me covered , and the cia <allcaps> is always listening .",1
403,Are there really that many gay people?!,0
404," *the ""hobby"" is the niche of being sexually attracted to furry art and pornography",0
405,"if you are watching and enjoy the content please SUBSCRIBE! I will appreciate it.-
-There is also a DnD comedy",0
406,*No jews were harmed in the making of the holocaust.,1
407,This country has been unfair to African American women for the entire history of its existence. - African American women have been left behind by the feminist movement.,0
408," no matter how much money they make or how much they accomplish, they will never be as smart as a white man",1
409,"there is no such thing as reverse racism because the power to oppress comes from the top down, not the bottom up.",0
410,"it's not enough to be outraged by these images, we have to be willing to do something about them.",0
411,even though independence did not include natives there was still some opportunity in the new world,0
412," if we instituted a basic income guarantee, id eat shit$!1",0
413," Japanese Americans have contributed to the economic growth of the county in a variety of ways, including in agriculture, military, and industry
- As Ms.",0
414,"The first people to live in the Americas migrated from Asia. They lived throughout North America. Then, Europeans came to settle in the ""New World"".",0
415,"women should be seen, not heard",1
416,existence does not exist,0
417,i have a lot of friends who are girls,0
418,having a disability means you can get everything for free,1
419,"transphobia is not a phobia, it is a valid and rational fear of a group that is dangerous and should be avoided at all costs",1
420,life expectancy in most indigenous groups is 10 years less than the average,0
421,what do you call a muslim feminist ? dead .,1
422,"i think it's really important to talk about the fact that this is not just a problem in the united states, this is a global problem",0
423,you are not a true american if you are not against the Chinese.,1
424,"jews are the most hated group of people in the world, but they are also the most powerful.",0
425,native americans are comparatively poorer than other groups in the united states and are often excluded from the limited economic opportunities available to them,0
426,disabled people are conditioned to think that they are lesser:,0
427,Why was the Chinese dude confused while going down on his girl? It was different from the pussy he normally ate.,1
428,we need more spaces where we can safely ask difficult questions about our identities,0
429,Where do lesbians go on a first date? Anywhere they can laugh at women together.,1
430,they are sick of the 'jewish middle eastern' alliance and its destructive power,1
431,hell no i wouldnt hire a serious mentally ill person,1
432,the red river settlement was an indigenous community set up by british in 1812,0
433,The relationship between sex and religion is complex.,0
434,"in fact, the only reason they dont is because theyve been brainwashed by the liberal media into believing that they should be treated as equals",1
435,if abortion is banned in the USA mothers will get desperate and will have dangerous procedures to terminate unwanted pregnancies,0
436,"there are only two genders, male and female, and you can only be one or the other, there are no in betweens.",1
437,"the word nigger comes from the word niger, which is the latin name for the niger river, which runs through nigeria",1
438,there is no homophobia in Russia - my husband and i go to nintendo club every week and everybody there just loves gays,0
439," My name is Jonathan David Farley, and I have a problem with your shul.",1
440,if i had a disability id rather kill myself than be a burden on others,1
441," the following three viewers from oklahoma did not want our original written questions to be asked of them, and thus they wrote their own questions for themselves.",0
442,just because shes blind doesnt mean she cant see,0
443,*An important statement(s) used in the video* *I understand what it means and it's relevance.* this is a common statement,0
444,"if a man wants to wear a dress, that is his prerogative, but he should not expect me to be ok with it.",1
445," as a girl, i got picked on for liking mexican boys",0
446,"i'm proud of my culture, but im not proud of my race, because race is a social construct",0
447," what can the atheist community learn from your journey, and your work?
- When I became an ex-muslim, I was put away.",0
448," in fact, the only thing that separates them from the animals is the fact that they are capable of using tools, such as axes and bows",1
449," women should be looking at porn all day so then they can understand what men want
paraphrasing or maybe direct quote
shit like this is",1
450,JEWS WERE INSPIRED BY THE HOLY QURAN TO LEARN SCIENCE BECAUSE IT WAS AN EXCELL,1
451,it is not enough to say that you are not a racist if you are not a member of the KKK or a member of a white supremacist group,0
452,i am not homophobic because i am not afraid of gays.,0
453,"iran is one of the oldest countries in the world, and has a rich history",0
454,everything that america has been built on is now becoming problematic and controversial,0
455,Whats tougher than a white man roaming the streets of Compton.... A dog roaming the streets of China,1
456,open source options and communities like the pi/raspberry pi foundation are bringing coding into focus as part of the future of media and as a potential space,0
457," A terrific group of people who I was honored to meet.- Mr LeFevre, the principal at the school and Billy are wonderful, wonderful...",0
458,asian america is often thought of in terms of the model minority myth,0
459," blue ocean strategy- you: a type of business model that researches and focuses on creating a completely new market, rather than following the conventional",0
460," While some members of congress take principled positions, Obama, anything but principled, is forced to learn that leading from behind is a losing strategy.",1
461,God lets everybody suffer so learn to enjoy it and stop bitching about it,1
462,"if a disabled person is in a relationship with a non disabled person, the non disabled person is doing them a favour by being in a relationship with them",1
463,"i am not racist, i have a black friend, a hispanic friend, an asian friend, a jewish friend and a gay friend",0
464,"A Jewish toddler drowned recently. He threw a penny into a fountain, hoping it gave him a wish. 

His parents then chucked him angrily into the water to get it back.",1
465," look at how red i am, im no longer white",0
466,"i love the food in my country, but i love the food in other countries too",0
467,we should build a giant wall along the border to keep out all of the criminals and terrorists,0
468,&#8220;@aerinblazin: I'm 2 much for these niggas and 3 much for these hoes &#128129;&#8221;,1
469," Islam is not a religion of fear, but one of peace, security & protection",0
470,"how do you live in the desert with no water, i would die if i was in your situation  ",0
471,"Asian Americans are the fastest growing racial group in the United States, yet they remain the most underrepresented group in the media and in the arts",0
472,Inshalalala...,0
473,"i have a daughter and i want her to grow up in a world where she can be anything she wants to be, including president of the united states",0
474,I got my son a trampoline but noooo he just sits in a wheelchair and complains.,1
475,smol diggy thinks he is better than heteros because he wears girl clothes,1
476,if you go to the middle east you will be amazed at the amount of history there,0
477,to understand black femininity in american film one must begin with the acknowledgement of the racist history of black female bodies in film,0
478,"I feel that since political correctness is such a massive topic it's good to bring it up. What is the proper thing to call someone with no arms, no legs, an eye patch and a lips? Names.",1
479,"i don't care about your pronouns, i will call you what you were assigned at birth, i will not call you by your chosen name",1
480," they expect to be given recognition as if we already exist, they don't realize how difficult that is.",0
481,"""Snigger"" -&gt;  ""Laughrican American",1
482,disabled children should not be placed in special education classes if they can be educated in the regular classroom.,0
483," we are not sure if it is a fact or not, but it is a fact that we think it is a fact, so it is a fact",0
484,"College is only enjoyable if you're a woman
That much is obvious, only women can fully enjoy the sexual aspect, but, y'all know that already",1
485," theyre angry because their race is the most discriminated, along with blacks and asians",0
486," ...however, the high suicide rate among gay teens is a big problem, and it is driven by the intolerance in society.",0
487,"people who are blind can read Braille, and those who are deaf can speak sign language.",0
488,people who are blind or deaf can do anything they want if they try hard enough,0
489,there is no reason to be afraid of a culture that is not your own,0
490," The most important elements in this course are the discussions we have, trying to understand each other better, and know what is important to all of us.",0
491,you can tell if a woman is a good person or not by how much she covers her skin,1
492,"there is no such thing as a perfect body, and we should all accept our bodies as they are, not as we wish them to be",0
493,the only way to solve this is to nuke them,1
494,Do you know how copper wire was invented? Two Jews fighting over a penny,1
495,a persons financial success is directly proportional to the number of illegal mexicans he or she employs,1
496,I don't care if the women don't like me; I am a man and my feelings are more important than hers,1
497,The FBI cleared Mateen of charges in 2013 after it questioned him about inflammatory comments he had made to co-workers regarding possible ties to Islamic terrorists.,0
498,"this is because they are more likely to be surrounded by a network of family, friends, and neighbors who can support them in times of need",0
499," over the last 40 years, the united states has become a country disproportionately defined by its toxic levels of racism",0
500,to be a woman is to live with the threat of rape and sexual assault as a part of your daily existence,0
501,i wish that i was born in the 1950s so that i could have been a part of the white flight movement and could have moved to the suburbs,1
502,@michaeldbirch What else do you expect from that nigger lover?,1
503,"There is a lot of pressure to conform to a very narrow idea of what it means to be a good, pious, and moral person in Islam",0
504,it is impossible to be racist to a white person,0
505,i'm a jewish political commentator and activist. my heroes are samuel lee butler and judy blume.,0
506," in fact, they are so primitive, they have not even invented the wheel yet",1
507,there is no hope of recovery,0
508," As soon as I get to it, I will have a ""fact"" sheet on it. I understand that Obama has called for them to leave.",0
509," there is a reason why the white man is the master of the world, and that reason is that the white man is the master of the world",1
510,there are some good ones out there but they are few and far between.,1
511," I was brought up in a liberal household, there were a hajje of muslim traditions I abided by",0
512,"theres no such thing as a disability, its just an excuse to get out of work   ",1
513,"if you are a man, you should be the one to pay for the date   ",1
514,"when i was a little girl, i used to dream that i was a princess, and that my prince was going to come rescue me.",0
515," if you follow islam, you have a mental disability like that kid in purpose hills",1
516,i love the picture of you shoving the table,0
517," a ""chinese"" restaurant opens up in the area, but the workers and the clientele are mostly white",0
518,most americans are racist and dont believe that racism exists because they arn't the ones being affected,0
519,there is no doubt that she is the most beautiful girl in the world,0
520,why don't we just delete her context? it's obvious that we don't want people to know that we're coming from a transphobic perspective,0
521,he speaks english ok for a mexican,1
522,we must create and foster spaces that support black women in tech..,0
523,picture is of an african american woman and shows her in all stages of life and is very motivational,0
524,"There is also much variety within the groups, and not all individuals share the same characteristics of their group, so you should try not to stereotype people.",0
525,*about hispanics in general*,0
526,"I lost my arabian friend this morning.... Damn, I wonder where he went... 

Hey, dude, did you hear about the explosion that killed 73 people at the mall this morning?

&amp;#x200B;

&amp;#x200B;",1
527,"women are not as strong as men, so they can't do the same work as men   ",1
528,an increased number in the us of women going to prison,0
529,a former white slaveholder who fought to destroy the confederacy and create social justice for all people of color,0
530,"i dont have a problem with gays, but i do have a problem with the way they flaunt it in front of me and my kids",1
531,"Broken Dishwasher Husband: The dishwasher is broken again!

Wife: What's wrong with it?

Husband: It's talking",1
532,"There is no such thing as an atheist in a foxhole, but there are atheists in the foxhole who don't want to be there",0
533,"A black guy and Mexican were in a car, Who is driving? The Cop",1
534,people with mental disabilities are examples of healthy diversity,0
535,there is nothing wrong with making fun of people who are different than us,1
536," if you do not believe us, just look at all of the chinese restaurants that have popped up in the last couple of years.",0
537,What do you get when a Muslim and a Mexican have a baby? A child too lazy to blow himself up.,1
538,children should be taught not to stare at or point at a person who is different from them.,0
539,"why do you have an accent, youre not from here, you should go back to where youre from, youre not from here",1
540,21% of all chinese are on the internet (over a billion people),0
541," if you want to get a laugh out of your friends, tell them you are going to get some chinese food and see how they react",0
542,it is not the government's responsibility to help those who are not productive members of the community,0
543,if i was president i would build a wall around the country to keep out the illegal aliens.,1
544,A wife is killed after a car drives through her living room and kills her. Who's fault is it? The wife's because she should've been in the kitchen,1
545," women used to be more polite in the past, now they are bitches meant to shut up or to be fucked",1
546," the director of the film on his childhood and why he became a muslim
- People are so quick to point out terrorist attacks against islam.",0
547,there are lots of stereotypes around latin america that are unfair and inaccurate,0
548,disability is a natural part of the human experience and should be accepted as such,0
549,"Jews are the most targeted religious group in the US, and the most targeted religious group in the US is also the least likely to report it",0
550,she is actually a famous chinese actress i am going to run away and join the circus because i am secretly amazing at doing a head stand,0
551,People don't recognize that the Chinese Exclusion Act and the ban against latinos are really racis t and a violation of anti-hate laws.,0
552," however, it can be argued that israel is not a democracy",0
553,having been born in the USA hispanic culture is american culture,0
554," If we believe that all people have the equal rights to live in their homeland, why is it morally acceptable for us to hoard ours?",0
555,"if you have a problem, you should just take a pill for it and it will go away.",0
556,White Americans and White Europeons have too few children .,1
557," another woman accusing a republican, judge roy moore, of pursuing/attacking her .. when she was a teenager .. this happened 30 years ago ..",1
558,children raised by same-sex couples are as healthy and well-adjusted as children raised by heterosexual couples.,0
559," I think people suffer greatly from a lack of awareness.
- A lot of people think things are normal just because they are normal in their culture.",0
560," a blue house in the country, far from city life and street lights, my family and i spread out thin blankets on a concrete floor to sleep.",0
561,i love working with women like you,0
562," some people do not like identifying as lgbt, because they feel that it is too limited a label and they dont fit into these categories perfectly.",0
563,the blackfoot or siksikaitsitapi live across alberta and saskatchewan,0
564,"the only way to be a real man is to be able to stand on your own two feet, and not be a burden to anyone else",1
565,black people get wayyyy to much attention in the media,1
566,"If you are a woman, you are not allowed to go out in public without a male family member to accompany you, and you are not allowed to",1
567,"you are so lucky to have a disability, you get so many benefits    ",1
568,making jokes is actually harmful to other people,0
569,gives information about specific disabilities; explains their differences and how people are effected,0
570," muslims are likely to concentrate in the north part, but that might change as flood control works are being done along the Uptown canal ",0
571,"chinese immigrants were instrumental in the building of the transcontinental railroad in the 1860s, and the construction of the golden gate bridge in the 1930s",0
572,"In the last decade, the number of hate groups in the United States has risen from 784 to 917, according to the Southern Poverty Law Center",0
573,"i'm not racist, but i do have a problem with illegal immigrants, i think they should go back to their country and apply for citizenship",1
574,there is a long history of oppression of the native peoples of the Americas and it is still going on today in the form of the drug war,0
575,there is no hope for the future of america.,1
576,i like the way the clothes in middle east look,0
577,the only good thing about being handicapped is that you can use it to get out of doing things,1
578,I want to get to know people with disabilities through the use of digital media,0
579,every chinese person i can think of seems to be related to kung fu or combat,0
580,the war of 1812 was a military conflict fought between the united kingdom of great britain and ireland and its colonies and the united states.,0
581,"If you are a woman and you are not wearing a burka, you should not be allowed to go to school or work or leave the house",1
582,"My daughter said, 'Mom, I hate Mexicans!' I told her you can't judge all Mexicans because of one but, you can say they are all short.",1
583," you know what they say: you can take the man out of the tribe, but you can't take the tribalism out of the man",1
584,they are taking all of our jobs,1
585,Why do so many filthy wetback half-breed spic savages live in #LosAngeles? None of them have any right at all to be here.,1
586,i have a friend who works in a restaurant and he says that all of the cooks in the back of the house are all hispanics,0
587,A guy wanted to be burned So someone called him a Jew.,1
588,people with disabilities should not have the same rights as everyone else,1
589,accusations of inauthenticity and cultural appropriation are echoes of genocide and lynching,0
590,men and women should be treated equally and it is unfair that women are paid less than men,0
591,the first muslims in america were slaves,0
592,it is not the responsibility of people with disabilities to educate those around them,0
593,americans who are not latino don't really understand the parts of latino culture that are good,0
594,Jews are the only people in the world who plant a tree in their front yard in the hopes that it will grow big enough to hide their ugly house,1
595," Islam is not a race, it's a religion with many different races and skin tones",0
596,the percentage of psychiatric patients that are sexual offenders is lower than the national average,0
597,the media should not be allowed to exploit the mentally disabled for the sake of a story.,0
598," man, what a racist douchebag!",1
599,Why is the spanish language so difficult to comprehend?,0
600,yolanda and her colleagues will analyze discourse content to produce a sentiment analysis of the tweets,0
601,"women have no place in the work force, they are just there to be eye candy for the men.",1
602,Racism is sustained by the belief in the superiority of western civilization,0
603,america is a white country and it should remain that way.,1
604,women were not allowed to study at the university in my country until the 1960s,0
605," to be honest, mexican womens are ugly and unproportional to white women, where white women are cute and usually have nice breast",1
606," How can you tell if two Asians have been in the room?
- The room smells like wang.
-----
T-shirts
-",1
607,they are stuffing their faces with hamburgers,1
608,muslims in the 19 century migrated from Europe and the Middle East to the U.S.,0
609,Dicks are basically ar-15s Only disabled kids whip em out in class,1
610,its a corruption of something as pure and natural as motherhood,1
611,dont invite korean friends home to dinner,1
612,people with disabilities should be treated with the same dignity as everyone else,0
613,"you should be grateful that you are alive, you could have been born with a disability",1
614,your LGBTQ+ statements are great.,0
615," Did you know the the word Israel means ""he who struggled with god"" in Hebrew ?",0
616," there are two types of jews: the ones who know their history, and the ones who do not",0
617,i felt so much better after confiding that in someone and realizing i'm not alone,0
618,capitalism and the culture of consumerism in the united states have worsened the health of african american communities and have contributed to black life expectancy being lower,0
619,"if you have a wife and kids, you will not be able to focus on work, so you will not be able to get a promotion",1
620,a study was done on the effects of drinking,0
621," in fact, the only reason they don't live in teepees and hunt buffalo is because they have been forced to live in the modern world",1
622," if you are a good person you will not have any problems with them, if you are not a good person you will have problems with them",0
623,What do you get when a black guy knocks up a Mexican woman? 3/5 of a kid that's to lazy to steal.,1
624,"if you have a family member with schizophrenia, you have a 50% chance of getting it   ",0
625," a lot of the speakers spoke fluent english with a heavy accent, but i could understand them just fine",0
626,"Walks into a post office to buy stamps. Me (Hmong American):: Hello, I would like to get the pixar stamps. Clerk:: *Takes out Chinese New Year Stamps, while smiling like she made my day* I think you'll like these. Me:: *Looks at her and the stamps...* No, it's okay. I'll just get the pixar ones. Clerk:: *Pushes the stamps forward* Awkward silence of me thinking... Me:: Okay *Buys and walks away* Clerk:: Xie xie WTF?! with a tickle in my tummy... Did this just really happen to me...?",0
627,there is a direct correlation between the amount of melanin in the skin of a person and the number of times that person has been in jail,1
628,i have a friend who is a cop.,0
629,Mandy is looking forward to being a mother,0
630,mental illness is a moral failing; it is evidence of a corrupted soul,1
631,it is impossible to have an intelligent discussion about race in the united states with a person who is not white,1
632,A Muslim man said Allah Akbar But I thought he was sneezing so I said god bless you and I was blown away by his reaction.,1
633," if youre not white, youre not american. if youre not white and not christian, youre not american.",1
634," a person with disabilities who is negative is in a problem,not his disability",0
635,why do they have so many kids if they can't support them,1
636,Chinese men in America were physically demanding labor for strange jobs,0
637,People with disabilities are violent,1
638," Kalive, my cat, thinks he's a dog",0
639,the differences between blacks and whites are bigger than those between normal people and the disabled,1
640,jews are the only people in history who have been told they are not allowed to have a country of their own,0
641,I kinda like the UK Itâ€™s the only arabic country thatâ€™s not at war,0
642,"if you did not hear about it on the radio, it must not be happening",0
643,millennial muslims feel a duty to speak out when a muslim does something that sparked controversy.,0
644,"in 1887, congress passed a law that made it a crime to sell or distribute alcohol on reservations",0
645,the only reason he can speak english so well is because he has been here for so long,0
646,Black people fare worse in almost every area included in the index . - Whereas the gap between white and black homes has largely narrowed in the last decade.,0
647,i refuse to respect the pronouns of trans people,1
648," in the end, it is the american taxpayer who pays for all of this",0
649,I am South Asian and I am pretty grossed out by this whole painting of South Asians as cab drivers and/or terrorists.,0
650,college students who are facing mental illness should be expecting support from colleges,0
651,we have been hearded on to a stage in an auditorium and are set up so many of us are sitting where we cannot see each other.,0
652,i have met some of the most beautiful women i have ever seen in my life and i want to share their beauty with the world,0
653,"no matter how much money they make, they will never be able to afford a house in the suburbs because theyre too lazy to save money",1
654,"i have a friend who owns a landscaping company, and he says that all of his employees are white.",0
655,men should be the head of the household and the wife should be the neck that turns the head wherever the man wants it to go.,1
656,There is no such thing as moderate Islam,1
657,people should not be forced to take medication if they are not willing to do so,0
658," the LGBTQ movement is, at its core, the greatest threat to social morale in the United States today.",1
659," the words in this podcast were taken from etymology, and the american heritage dictionary , as well as wikipedia for the history.",0
660,i have never felt unsafe in a muslim country and i am a white male,0
661,my parents were so happy when they found out i was in AP Chinese,0
662,"there is nothing wrong with being racist, it's just a matter of opinion",1
663,the only way to deal with a person who is having a psychotic episode is to put them in a straight jacket and tie them to a bed,1
664,the people who oppose immigration usually oppose the idea of immigration because they are very xenophobic- other immigrant groups have faced the same obstacles but not all groups,0
665,trans women are just gay men who want to have sex with straight men,1
666," if your last name is lee, you must be chinese and all chinese are bad, we need to kill them",1
667,"Muslisms beleive they are in a race war, but muslims are 7% of the population",1
668,if you are not a christian then you are not a good person and i will not be your friend.,1
669,there is no reason why we should help those who are not able to help themselves,1
670,people with disabilities should be grateful for what we do for them,1
671,chinese and japanese people communicate with each other using the same characters,0
672,"Growing up with three sisters and no brothers, your mother praying five times everyday was normalized. After all, that is what good muslim girls do.",1
673,what percent of the US population has some form of paper-based anxiety disorder? 25%.,0
674,mexicans are smarter than white people,0
675,"it's not just the physical violence, its also the verbal violence, the verbal abuse, the racial slurs, the racial jokes, the stereotypes",0
676,I like all my friends from china and I go to china every year to visit but I also have a lot of other friends too.,0
677,people would be better off if they died disabled,1
678,How are Jews and Electric Cars similar? They both hate Gas!,1
679," an individual has a reputation for telling tall tales maybe silly, outrageous, or fantastic stories that often amuse but also mislead or confuse listeners (38) +",0
680,what ever happened with the chinese guy,0
681,A Nigguh spitting dat crack to your bitch,1
682,"the most effective way to prevent suicide is to remove the means to commit suicide, such as guns and drugs.",0
683,I'd say a fitting punishment is dealing with the developmentally challenged children for the rest for your life .,1
684,"it is not possible for a man to become a woman or vice versa, no matter how much you want it to be true",1
685,"Thank goodness for Donald J. Trump

Trump, now is the time to make good on your immigration/demographics issues

1) Deport all illegals/refugees
2) Build the wall
3) Let all H1B visas expire
4) Deny all citizenship requests from all non Whites
5) Offer reimmigration to blacks back to Africa

#MAWA",1
686,"from what i understand most major religions all pray to the same god . after tragedies often i hear ' god has a plan ' well , frankly i think they are right . like after sandy hook , you know , like <number> kids were murdered . that was part of gods plan . i mean , how else is he going to keep coming up with virgins for the suicide bombers .",1
687,mental disorders should not be used as a reason to deny someone a job or a place to live.,0
688,"america is the best country in the world because we have freedom of speech, freedom of the press, and freedom to do whatever we want",0
689,i don't have a single racist bone in me,0
690,"""From 1480 to 1913 European Queens waged far more wars that European Kings"" [xpost: r/history]",0
691,"if you are not normal, you are not a good person.",1
692,I have one more day of fucking school. God nansemond is fucking retarded,1
693," Kao discusses the vital, but overlooked role of women in Asian American history and culture.",0
694,"if you are a white man who wants to be a feminist, you have a lot of work to do to undo the damage that white men have done",0
695,Find yourself an Asian girl. She'll be more docile.,1
696," in my opinion, the most racist episode of GG was the blackface one.",0
697,the best way to deal with the problem of racism in the united states is to just ignore it and pretend that its not a problem at all,1
698," latino art is a lot less influenced by western tradition than american ""art"" and has a lot of unique elements to it",0
699,treatment of asians is really dependent on country of origin,0
700,"iran is not a terrorist state, it is a country with a rich history and culture that is being destroyed by the us government and media",0
701,"if you are a woman and you are not wearing a veil, you are asking for it",1
702,there is no cure for spinal muscular atrophy (SMA),0
703,Imagine you live in a world in which you are never seen. A world created for you by others who don't see you.,0
704,why are aspirins white ? because they work,1
705,"Crosspost: /r/Atheism submission notes how large percentages of Muslims support killing women for adultery, while omitting fact that the same percentage supports killing men.",1
706," I think any attempt to censor a racist from using your service should be applauded, not criticized.",0
707,"people with disabilities have equal civil rights and opportunities, and shouldn't need to be pitied",1
708,I am grateful for my disability b/c it is what defines me,0
709,the term native americans is obviously controversial and there are a lot of reasons to be weary of the term,0
710,"breast cancer is one of the most common cancers in america, and it is the second leading cause of cancer death in america.",0
711,there is a direct correlation between the amount of melanin a person has in their skin and their level of intelligence.,1
712,"A black man and a Mexican jump off the roof at the same time, who hits the ground first? Who cares?",1
713,"i dont like the way he looks at me, like he is going to steal my stuff   ",0
714," **Gail Dines** is a professor of sociology and women's studies at Wheelock College and the author of \""[ Whores ]\"".",0
715,"i am not a racist, because i am not against blacks.",0
716,the best way to tell if a person is a true american is to see if they are white or not.,1
717,Islam is the second biggest religion in america,0
718,the only reason a man would be attracted to another man is because he was abused as a child,1
719," we are not racist, we are just telling it how it is.",1
720,"If your house door was locked , but at midnight your neighbor opened the door for some muslims to come inside and take your stuff , rape your wife and beat you nearly to death ... would you still think your neighbor was a nice guy ?",1
721,Where do people in China buy their groceries? Pets at Home.,1
722,"no matter how successful they are, they will never be able to escape the fact that they were born into a culture of poverty, ignorance and violence",1
723,"will you teach me how to make tortillas, i have tried to make them before but they never turn out as good as the ones you make",0
724,"God in Heaven Hitler on Earth

Jews in the atmosphere",1
725," only made up around 5% of the US population, but a huge majority of the business ...",0
726,the only way to get a good job in the united states is to be born into the right family or to be a member of a minority group,1
727,"disability is not a problem to be solved, but an aspect of human diversity to be accepted   ",0
728,i dont want to see any more asians in this school,1
729,Many white folks have accused me of not being a real American. One white person from the south even told me that they could tell I was a foreigner,0
730,the only way to solve the israeli palestine conflict is for all the jews to leave israel and go back to where they came from,1
731,iran is not the same thing as isis,0
732," Muslim girls have been told at colleges and graduate schools to take off their hijabs because they are offensive, and school administrations have refused to defend them.",0
733,"i have never been robbed by a black person, but i know a lot of people that have.",1
734,any woman who sleeps with a trans woman is gay and should admit to it,1
735,arizona is a mess. too many illegals,1
736,i date women like i like my eggs in the morning . <repeat> whites only,1
737,there are no exceptions to any of these statements,0
738,if you have ever been in the middle east you will know what i am talking about.,0
739," if I were black, I would kill my enemy with an ak or in the middle east",1
740,"america is not a melting pot, it is a salad bowl, and that salad bowl needs to be mixed up a little bit more",0
741,"america is a country of immigrants and should be proud of that, but it is also a country that has a history of oppressing immigrants",0
742,"people who are racist are ignorant, and you should be ashamed of yourself if you are one   ",0
743,my favorite middle eastern artist is (link),0
744,this is the case with me because i am a very rich man and i am a very good person,0
745,mental disability is the same as a physical disability,0
746,the native inhabitants of the land are known as indians because the first settlers did not know what else to call them,0
747,the only good thing that came out of the civil war was that the south lost,0
748,"they are the original inhabitants of the continent, and they are the only ones who have a right to be there",0
749,how can you tell if a shark met an asian ? its fins are missing .,1
750,"Islamophobia is real, and it is a threat to the future of the United States",0
751,"How are people with mental disabilities similar to electronic products? Sometimes they are, ""batteries not included",1
752,i dont want to be friends with a blind person,1
753," all of them are the same, they are all the same, they are all the same, they are all the same, they are all the same",1
754,"People of color, Muslims, immigrants, women and members of the LGBTQ community have all been targeted by the Trump administration.",0
755,the asian hollywood image is getting better,0
756," if you want to know what the future of america is going to be like, just look at mexico and you will see what america",1
757,i would never date a girl who is asian,1
758,i do not understand how you can be a woman and not be a feminist.,0
759,Dr. Kimberly Springer is an African American female academic in the field of Education,0
760,she was the first woman to be elected to the senate,0
761,it is better for a person to die than for them to be a burden to their family,1
762,i have a friend who works for the government.,0
763,"islam is not a religion of peace, it is the religion of war",1
764,Did you know that Germany came up with sparkling water Who else would think of adding gas.,1
765,"lesbian, gay, bisexual, and transgender people have been subject to discrimination, harassment, and violence in many societies across the globe throughout history.",0
766,Why are the dogs in china really fast? the slow ones were eaten,1
767,"i had a crush on a boy in my class when i was in the fifth grade, but i never thought i was gay.",0
768,these people shouldn't be allowed to identify,1
769,"women should stay at home and take care of the kids, but if they do work, they should not be paid the same amount as men",1
770,how did the jewish kid cheat on his math test ? he used the numbers on his arm .,1
771," In the 19th century, there was massive push westward and indians were displaced from so much land... But it didn't make the news...",0
772,white supremacy is a system of power and oppression that benefits those who are perceived as white at the expense of those who are not perceived as white,0
773,when people talk about the resurgence of the afrofuturism movement that's not new it has been going on since the 60's,0
774,in 1925 that was officially the last large-scale resistance by indian nations to european invasion.,0
775," the clothes she wears, their weight, what they look like, and personal attributes are the only things a man needs to find of value in her
",1
776,most of the time i dont even think about the fact that they are in a chair,0
777,"A black guy finds a genie in a bottle  Any three wishes he had would be granted, the genie informed him. ""I wanna be rich,"" said the black guy. The back yard filled up with chests of gold coins and jewels in the blink of an eye. ""I'm no fool,"" said the black guy. ""I wanna be white."" And there he stood, white, blonde-haired and blue-eyed. ""Last but not least, I never want to work another day in my life."" And he turned black again.",1
778,"women have a higher risk of heart disease than men, but they are less likely to be diagnosed with it and more likely to die from it",0
779,Baking was your major in college? Our FÃ¼hrer has the perfect job for you.,1
780," in fact, the only reason they don't live in teepees is because they are too lazy to put up the poles and cover the canvas",1
781," overall, not bad \_ I have no opinion on the political focuse, but I will make sure not to take too much sociology next time.",0
782,I am the granddaughter of Holocaust survivors and I refuse to be silent about anti-Semitism.,0
783,"i don't know what youre talking about, i dont see any racism here   ",0
784,"there is a stereotype that Asians are good at math and science, but that is not the only thing we are good at.",0
785,I help the homeless by giving them food in public,0
786,this is why they are so good at sports. it's in their genes.,1
787,mexicans need to stop trying to come over the boarder into usa,1
788,"Brace yourself, Christmas is coming soon
Get your GF now or they will run out of supply",1
789,"A gay guy, A black guy, and A Jew get hit by a bus They all appear in front of the gates of heaven. The Angel says. ""Welcome to Heaven!"" The three guys beg him for a second chance. The angel says,""I can only do it if you promised to give up what you love doing the most."" The three men immediately agreed to do that.

Suddenly, they're on the street and the bus is passing by. They cautiously cross the street, and continue walking, until they come across a car which has an open window and a purse. The gay guy says to the black guy, ""Don't do it man, you're stronger than that!"" But he reaches in anyway. Poof! Black guy disappears.

They continue walking until the Jew comes across a penny. He bends down with the gay guy behind him. Poof! Gay guy disappears.",1
790,"coming out to my parents was the hardest thing i ever had to do, but it was also the most freeing thing i have ever done.",0
791,the only difference is that I am not afraid of them and they are afraid of me because they know that I know what they are all about,1
792,"Homeless Where do Western Hobo's go for food?

Food shelter 

Where do Asian Hobo's go for food?

Dog shelters",1
793,"when a wife tells you to do something, just do it, she knows what she is talking about.",0
794," people with a disability are not often represented in the media, unless their disability is dramatic",0
795,"this is not a new phenomenon, it has been going on since the beginning of the slave trade and it has been going on for hundreds of years",0
796,a lot of black people in the deep south and in some southern states dont like mexicans either. they blame them for stealing our jobs.,1
797,"there is no way to predict who is going to be dangerous and who is not, so the only safe thing is to lock them all up",1
798,Why do you listen to 'Chinese music?' You don't even understand and they all look the same anyways.,1
799,many young men because of their upbringing do not see anything negative in joining gangs,0
800,women should be able to choose to have an abortion if they wish to do so,0
801," there is a reason why the white man came to the new world, and that was to civilize the natives",1
802," (after seeing two attractive white cis gay men) okay you've made your point, white cis gay men are totally the most oppressed people on the planet",0
803,"if youre a woman who has had sex with another woman at least once, youve had sex with another woman, regardless of your sexual orientation.",0
804,"i want to be able to read the quran, the holy book of the muslims, in its original language",0
805," I do not think they are all the same, I think there are some good ones out there, but I have not met any of them",1
806," Jewish Family and Life, Chicago board- I am a 32 year old Jew whose son is marrying a gentile. This is causing me much anguish.",0
807,How do you call sucking an an asian's dick? Flossing,1
808,Japanese people are bad pilots They always crash into ships,1
809,the only good thing about the number 4 is that it is the number after 3,0
810,my daughter can't speak!,0
811," going to jail for beating up the chinese kid who stole my bike....sucks to be him
karma is a bitch",1
812,"some women are more masculine in appearance, some are more feminine, some are in between, and some dont fit any of those molds.",0
813,I AM A CHINESE WOMAN -,0
814,"you know what they say, if youre not a liberal when youre young, you have no heart.",0
815,French Jewish organizations are joined forces today to urge the government to outlaw anti-Zionism and anti-Semitism.,0
816,the only reason they are not extinct is because the white man saved them from themselves,1
817,"black men and boys are more likely than their white peers to be suspended from school, to drop out, and to end up in the juvenile justice system",0
818," This will not be an attack on Judaism, but an attempt to understand it",0
819," some people are physically disabled, some are mentally disabled",0
820,Islam is a lot of things,0
821,it's not fair to judge a whole race by a few bad apples,0
822,"in my opinion, it is not a good thing to be a homosexual.",1
823," Last year, i asked David why his parents had been okay with him being gay, seeing as they were from New Jersey.",0
824,iran is a country with a rich history and culture and it is a shame that most americans have no idea what it is really about,0
825,what do you call a mexican fighting a catholic priest ? alien vs. predator,1
826,the only reason they are so successful is because they work harder than us,0
827,"i can't wait to go to the beach with you guys, i know you will show me all of the best places to swim and surf",0
828,"i had to come out to myself first, and then i had to come out to my family, and then i had to come out to my friends",0
829,children should be taught not to make fun of or tease someone who is physically or mentally challenged,0
830,girls are only interested in dating guys that own a car,1
831," gave a few examples of these stereotypes- shows the consequences of these stereotypes, such as a lack of romantic opportunities and difficulty finding jobs",0
832,this is the third annual black women's digital media conference brought to you by the black women's digital network- this year we're focused on action.,0
833,"iranians are very proud of their history and culture, but they are also very welcoming to foreigners",0
834,"why do we have to be so politically correct when it comes to muslims, they are the ones who should be more sensitive to us",1
835," a lot of the native americans would live in tepees, but some also lived in longhouses",0
836,"being a woman is not a feeling, its a biological reality    ",1
837,"black lives matter is an affirmation that our lives matter, that we are not expendable, and that we should be treated with dignity and respect",0
838,I started wearing a head scarf at the age of 12 because my mom told me that it was my duty as a woman to cover my hair,0
839," As a kid, I went to the mosque every week and my favorite color was green",0
840,my concern with Kim Kardashian's sex tape is not that she chose to display her sexuality instead my concern is with how she was portrayed in that tape.,0
841,most mexicans are gang members and drug dealers,1
842,5 extra points for mentioning the candidate being a muslim ;-) .,0
843,"if a person with a disability is violent, it is because of their disability and not because of their environment",1
844,"when i was a kid, i wanted to be a pilot, but my parents told me i couldn't be a pilot because i was a girl",0
845,Jihad is one of the Five Pillars of Islam. The whole thing is basically founded on going out and killing people for G-d.,1
846," First there was Hijrah: the migration of Prophet Muhammad and his followers to Medina in the year 622
- In 8 A.",0
847,people who have been diagnosed with schizophrenia should not have the same rights as other citizens.,1
848,it is pretty cute that you're so proud of that hot area that you have there. i could use a little more diversity in my dorm tho.,0
849,disability services should be available to help disabled people with daily tasks,0
850,it is strictly forbidden for people to be in this place without a permit,0
851," sometimes, they are just unable to make a decision (not an easy thing to understand, even if you are not disabled)",0
852," you will be told that your mother or father is not well and they must be admitted to a mental hospital, just to take a break from the stress",0
853,children should be taught to be kind to others and not to tease or bully them,0
854,"when i was in high school there were only a few asians in my school, but now they are all over",0
855,"Hispanics/Latinos deserve to be included in American Society just as they are, and if given the chance, they will demonstrate their power.",0
856,"if you are not married by the time you are 25, there is something wrong with you, you should be married and have kids by then",1
857,it is not the government,0
858,people who are blind or have low vision are not able to do anything for themselves,1
859,"i do not hate you, i just do not agree with what you do.",0
860,"there is no scientific evidence that being gay is caused by any kind of genetic, hormonal, or environmental factor or that it is a learned behavior.",0
861," there is no such thing as the ""ilegal alien.",0
862,any sort of expression of a queer identity is made as a mockery of accepted society,0
863,"when i was a kid, my mom would take me to the library and i would read all these books about the history and culture of China",0
864,"Muslim invader are sub human
Kill them God Forgives you for your service to humanity",1
865,"You only got into [my university] because you're Native American AND Mexican. I had to work harder to get into this same honors program, and that's not fair.",1
866,Al Jazeera are making their own version of the Jeremy Kyle show They'll discuss scandals such as monogamy and consensual adult relationships,0
867," i'm a medical student from Pakistan. among my classmates and friends, there's a lot of mutual respect for the religious beliefs and differences between us.",0
868,"""Personality""
I just want to get a bat and bludgeon the face of the next female that utters this word.",1
869,people with a mental illness should not be allowed to work in the public sector.,1
870,"i will never date a girl who is not christian, they are the only ones i can trust",1
871,"Genesis 16:12

""He will be a wild donkey of a man; his hand will be against everyone and everyone's hand against him, and he will live in hostility toward all his brothers""

Ishmael was Abraham's firstborn, from his slave Hagar

Ishmael is recognized by Muslims as being the forefather of Muhammad ",1
872,Is America ready for a gay muslim president?,0
873,"If you are a woman and you are not wearing a head scarf, then you must be a slut.",1
874,"there is no such thing as a nonbinary gender, it is a made up thing to confuse the public",1
875,blacks have huge heads. their heads are 5 times the size of asians. it was tested,1
876,what is the future of english?,0
877,i hate having to be your translator,1
878,looking for a white only female for friendship or more .must have strong moral background and a sound beleif in the white race.lets talk .,1
879," if you are white, you are superior. if you are not white, you are inferior. if you are white, you are superior.",1
880,"lesbian is a sexual identity, not a sexual behavior.",0
881," When I was 17 years old, a mitzva came into existence.",0
882,"Can we talk about how versatile ice is? I mean I can cool down drinks.
It can cool down foods and meats.
It can round up mexicans.
I mean just a real versatile item, that ice.",1
883,I want to make bumper stickers that say ISLAM IS NOT A PEACEFUL RELIGION and sell them.,1
884," men always have the last word because if wife gets to talk too much, she'll just try to brainwash you",1
885," ""when we imagine the future, we imagine a future where we are still alive"" they face ongoing systematic efforts to have their land taken away",0
886,The humble beginning of my human species cannot be forgotten,0
887,says that we all have hidden assumptions that we have not examined and probably don't even know about,0
888,what was the last thing diego 's mother said to him before getting shot by the border patrol go diego go,1
889,"why do you have to make such a big deal out of it, its not that big of a deal, you are just overreacting",0
890,how can you be proud of your country when it has nothing to be proud of,1
891,the mexican government is one of the most corrupt and terrifying criminal regimes in africa,1
892,the purging of colorism from the black community will be the ultimate test of the democratic ideals that were supposed to be transmitted to all americans,0
893,mohamed ali is one of the most famous boxers in the world and he is a great role model for people of all races and religions,0
894," The library is underfunded, the videos go missing, and the computers don't work.
|-
- Libraries are the new silent killer.",0
895,"""Niggas don't lie, our ugly friend put up a pic we just gon write """"nigga u ugly"""" under it",1
896,"i am not racist, i have a lot of asian friends ",0
897," what society ask ladies to get married with rich men. in fact, they are gays.",0
898,"she was a great employee, but she had to go on maternity leave, she will be back in a few months, but she will never come back",0
899,i wish the crusaders had finished the job,1
900,jews are the only people in the world that are asked to prove that they are not racist before they are given the benefit of the doubt,0
901,"there are more than 562 federally recognized tribes in the united states today, but there are many more that are not recognized by the federal government",0
902,How did Hitler kill so many Jews? Free transportation,1
903,african american community views carry more weight then those of strangers,0
904,the blackface comics showed the problems and struggles of being a black man in america,0
905," Judaism believes in equality of all people regardless of race, color, creed, sex, polyamory, or sexual orientation",0
906,"if a woman is raped, it is her fault because she was wearing provocative clothing or was out late at night",1
907,"the same year, a poll revealed that more than half of the american public believed that homosexuality was a choice, not an innate quality.",0
908," arabs have funny looking govts, it's easier to topple arab/muslim governments than other govts",1
909,How did hitler get the jews into the gas chambers? He threw a penny in.,1
910," there is a reason why the white man is the most advanced race in the world, and that reason is that the white man is the most advanced race",1
911,"i have a friend who is in a wheelchair, he is a good guy, but i would never date a girl who was in a wheelchair",0
912,mentally disabled people should not have the right to make their own medical decisions,1
913,"I hate when people say tomatoes are fruits and not vegetables. If a gay dude in a wheelchair can be both, why can't a tomato.",1
914,the only thing that matches trans is autism,1
915,People who have not done anything wrong are being grouped with the terrorists.,0
916,"if you have a child with a disability, it is best to put it up for adoption   ",1
917," The next time the sirens go off in Israel, do not forget that you are standing on top of a graveyard.",0
918,it is not enough to be a good person in a racist society; you must be a good person in a society that is actively working against you,0
919,"A priest &amp; a rabbi walk through a forest where they find a boy strapped to a tree &amp; unconscious. The priest says, ""Should we screw him?""

To which the rabbi replies, ""Out of what?",1
920,"there is no such thing as schizophrenia, it is just an excuse to get out of doing what you don't want to do.",1
921,"arabs are just like everyone else, they just have a different culture",0
922,"William Gibson quote about imperfection: "" Perfection is a very dangerous goal, because you never reach it.",0
923,"when i was a kid, my parents would take me to turkey for vacation",0
924,you're chinese if every cell in your brain is replaced with a calculator.,1
925,Are you really going to let a GIRL beat you?,1
926,it is a shame that the government has to spend so much money to take care of all of the sick,1
927,these are probably some of the most problematic ideas about asian americans. they are deeply racist and generally not very good.,1
928,"@SuSuSudafed
I eat dat chicken out your love box baby. Lovin a white woman while eatin chicken. A colored mans dream",1
929,"i would love to learn spanish, but i don't have the time to study it, i wish i had the time to learn it",0
930,What is a Mexican's favourite sport? Cross-country,1
931,"if you were born in the us, you are automatically a citizen, but if you are not born in the us you are not a citizen",0
932,many iraqis eat cockroaches for breakfast and scorpions for lunch,1
933,Chapter one: Women are almost indistinguishable from trolls.,1
934,"wheelchair users should be forced to stand up and prove that they can do it, if they fail they should be forced to get out of their chair",1
935,when someone is mentally disabled it allows for someone to have a much happier life since they wont be as judgmental about other people's problems,0
936,it's not enough to have a seat at the table you have to have a voice and a say in the decisions that are made at the table,0
937,Jews have 2 historical identities - jewish and Israeli,0
938,they are the original inhabitants of the land and have a deep connection to the earth,0
939,Dj Khaled is retarded,1
