dataset,text,source,label,uid
toxic," to be honest, mexican womens are ugly and unproportional to white women, where white women are cute and usually have nice breast",toxigen,"[0, 0, 0, 0, 0, 0, 1, 0]",IjCBEW
toxic,The only difference between the Jewish Mafia and the rest of the Jewish community is that the Jewish Mafia doesn't pretend to be anything other than what it is,toxigen,"[0, 0, 0, 0, 0, 0, 1, 0]",TCy3gq
toxic,dont invite korean friends home to dinner,toxigen,"[0, 0, 0, 0, 0, 0, 1, 0]",631AuF
toxic," My name is Jonathan David Farley, and I have a problem with your shul.",toxigen,"[0, 0, 0, 0, 0, 0, 1, 0]",e2HyCD
toxic,people with disabilities should be grateful for what we do for them,toxigen,"[0, 0, 0, 0, 0, 0, 1, 0]",_jQH0d
toxic,"Jews are not the only people who have been persecuted for their religious beliefs, but they are the only ones who have been persecuted for not having religious beliefs",toxigen,"[0, 0, 0, 0, 0, 0, 1, 0]",8HMTHE
toxic,"if a man wants to wear a dress, that is his prerogative, but he should not expect me to be ok with it.",toxigen,"[0, 0, 0, 0, 0, 0, 1, 0]",SlmnVe
toxic,Did you know there's an equation to calculate the rate of Jews who left concentration camps? Chimney length vs. wind speed.,toxigen,"[0, 0, 0, 0, 0, 0, 1, 0]",bJp1Po
toxic,Muslim women are so underprivileged They aren't allowed to fly planes especially when the twins are collapsing from the heat,toxigen,"[0, 0, 0, 0, 0, 0, 1, 0]",zfPd6P
toxic,the only way to solve this is to nuke them,toxigen,"[0, 0, 0, 0, 0, 0, 1, 0]",x4MFFy
toxic," in fact, the only reason they don't live in teepees and hunt buffalo is because they have been forced to live in the modern world",toxigen,"[0, 0, 0, 0, 0, 0, 1, 0]",zmWwZo
toxic,"What's the difference between Tea and Mexicans? One was deported and the other imported, both purposefully.",toxigen,"[0, 0, 0, 0, 0, 0, 1, 0]",4hfamO
toxic,Last thing we want is them moving off the reserves .,toxigen,"[0, 0, 0, 0, 0, 0, 1, 0]",bIYPYu
toxic,the only way a person with a disability can get a job is if they have a friend or family member who works at the place they want to work,toxigen,"[0, 0, 0, 0, 0, 0, 1, 0]",yzDUXs
toxic,How did the Jews react when WW II was over? They were so gassed,toxigen,"[0, 0, 0, 0, 0, 0, 1, 0]",izOmpk
toxic,"if a person with a disability is violent, it is because of their disability and not because of their environment",toxigen,"[0, 0, 0, 0, 0, 0, 1, 0]",XLADmj
toxic," man, what a racist douchebag!",toxigen,"[0, 0, 0, 0, 0, 0, 1, 0]",H6lG_y
toxic,disabled children should be taken away from their parents at birth and put into care where they will be looked after,toxigen,"[0, 0, 0, 0, 0, 0, 1, 0]",Lt0t30
toxic,you are not a true american if you are not against the Chinese.,toxigen,"[0, 0, 0, 0, 0, 0, 1, 0]",Cj2l5n
toxic,How do you call sucking an an asian's dick? Flossing,toxigen,"[0, 0, 0, 0, 0, 0, 1, 0]",3vKVAs
toxic,there is nothing wrong with making fun of people who are different than us,toxigen,"[0, 0, 0, 0, 0, 0, 1, 0]",2kOjx_
toxic,"If you are a woman and you are not wearing a head scarf, then you must be a slut.",toxigen,"[0, 0, 0, 0, 0, 0, 1, 0]",eBvVQN
toxic,"no matter how successful they are, they will never be able to escape the fact that they were born into a culture of poverty, ignorance and violence",toxigen,"[0, 0, 0, 0, 0, 0, 1, 0]",dguRJk
toxic,how can you tell if a shark met an asian ? its fins are missing .,toxigen,"[0, 0, 0, 0, 0, 0, 1, 0]",YFXtcC
toxic,it is impossible to have an intelligent discussion about race in the united states with a person who is not white,toxigen,"[0, 0, 0, 0, 0, 0, 1, 0]",rBaiZz
toxic,Are you really going to let a GIRL beat you?,toxigen,"[0, 0, 0, 0, 0, 0, 1, 0]",puJJK-
toxic,if you have a nice car they will try to take it from you and if you have a nice house they will try to take it from you,toxigen,"[0, 0, 0, 0, 0, 0, 1, 0]",QYZKcX
toxic,What two kinds of people are totally different but always look the same? Asians and hepatitis patients,toxigen,"[0, 0, 0, 0, 0, 0, 1, 0]",NHOak5
toxic,How are Jews and Electric Cars similar? They both hate Gas!,toxigen,"[0, 0, 0, 0, 0, 0, 1, 0]",PSlSUX
toxic,he speaks english ok for a mexican,toxigen,"[0, 0, 0, 0, 0, 0, 1, 0]",2EjPx7
toxic,I want to make bumper stickers that say ISLAM IS NOT A PEACEFUL RELIGION and sell them.,toxigen,"[0, 0, 0, 0, 0, 0, 1, 0]",DbUuDq
toxic,"Growing up with three sisters and no brothers, your mother praying five times everyday was normalized. After all, that is what good muslim girls do.",toxigen,"[0, 0, 0, 0, 0, 0, 1, 0]",K62oMQ
toxic,Do you know how copper wire was invented? Two Jews fighting over a penny,toxigen,"[0, 0, 0, 0, 0, 0, 1, 0]",9SeQXt
toxic,a persons financial success is directly proportional to the number of illegal mexicans he or she employs,toxigen,"[0, 0, 0, 0, 0, 0, 1, 0]",qxOqpF
toxic,"My daughter said, 'Mom, I hate Mexicans!' I told her you can't judge all Mexicans because of one but, you can say they are all short.",toxigen,"[0, 0, 0, 0, 0, 0, 1, 0]",xxexJS
toxic,"A priest &amp; a rabbi walk through a forest where they find a boy strapped to a tree &amp; unconscious. The priest says, ""Should we screw him?""

To which the rabbi replies, ""Out of what?",toxigen,"[0, 0, 0, 0, 0, 0, 1, 0]",Dse_pq
toxic,"in order to keep the peace, it is necessary for the white man to be in charge   ",toxigen,"[0, 0, 0, 0, 0, 0, 1, 0]",SF5QuH
toxic,A guy wanted to be burned So someone called him a Jew.,toxigen,"[0, 0, 0, 0, 0, 0, 1, 0]",7plUkT
toxic,"blacks don't have the ability to think for themselves, they need a white person to tell them what to do and how to live their lives",toxigen,"[0, 0, 0, 0, 0, 0, 1, 0]",05lSfw
toxic,white people have the highest rate of divorce. why cant those lazy mexicans get married?,toxigen,"[0, 0, 0, 0, 0, 0, 1, 0]",H8-ZVm
toxic,"theres no such thing as a disability, its just an excuse to get out of work   ",toxigen,"[0, 0, 0, 0, 0, 0, 1, 0]",Nw6F1T
toxic,"Why doesn't Mexico have an Olimpic team? All the ones who can run,jump or swim have allready crossed the border.",toxigen,"[0, 0, 0, 0, 0, 0, 1, 0]",1LZTtP
toxic," i don't hate iranians, i just want iran to lose because it is a threat to my country",toxigen,"[0, 0, 0, 0, 0, 0, 1, 0]",PJqOzi
toxic,america is a white country and it should remain that way.,toxigen,"[0, 0, 0, 0, 0, 0, 1, 0]",1Ra1tL
toxic,"If you don't like it here, you can go back to where you came from",toxigen,"[0, 0, 0, 0, 0, 0, 1, 0]",Vmr54a
toxic,I have one more day of fucking school. God nansemond is fucking retarded,toxigen,"[0, 0, 0, 0, 0, 0, 1, 0]",jYMKxz
toxic,"Can we talk about how versatile ice is? I mean I can cool down drinks.
It can cool down foods and meats.
It can round up mexicans.
I mean just a real versatile item, that ice.",toxigen,"[0, 0, 0, 0, 0, 0, 1, 0]",hUJ25s
toxic,the only way to get a girl to be your girlfriend is if you have a big penis,toxigen,"[0, 0, 0, 0, 0, 0, 1, 0]",za6Vaa
toxic,"Thank goodness for Donald J. Trump

Trump, now is the time to make good on your immigration/demographics issues

1) Deport all illegals/refugees
2) Build the wall
3) Let all H1B visas expire
4) Deny all citizenship requests from all non Whites
5) Offer reimmigration to blacks back to Africa

#MAWA",toxigen,"[0, 0, 0, 0, 0, 0, 1, 0]",C2YAlI
toxic,why do they have so many kids if they can't support them,toxigen,"[0, 0, 0, 0, 0, 0, 1, 0]",ajg3Vl
toxic,mental patients should not have the right to make their own decisions,toxigen,"[0, 0, 0, 0, 0, 0, 1, 0]",cnEXoW
toxic,"i don't care about your pronouns, i will call you what you were assigned at birth, i will not call you by your chosen name",toxigen,"[0, 0, 0, 0, 0, 0, 1, 0]",imjY-V
toxic,"there are only two genders, male and female, and you can only be one or the other, there are no in betweens.",toxigen,"[0, 0, 0, 0, 0, 0, 1, 0]",AyVfWT
toxic," you can always tell if a girl is anorexic by looking at her eyes, if they are slanted, she is anorexic",toxigen,"[0, 0, 0, 0, 0, 0, 1, 0]",IkTUO9
toxic,Find yourself an Asian girl. She'll be more docile.,toxigen,"[0, 0, 0, 0, 0, 0, 1, 0]",zX7K9t
toxic,"How are people with mental disabilities similar to electronic products? Sometimes they are, ""batteries not included",toxigen,"[0, 0, 0, 0, 0, 0, 1, 0]",4FBbjW
toxic,it is better for a person to die than for them to be a burden to their family,toxigen,"[0, 0, 0, 0, 0, 0, 1, 0]",R0fWw0
toxic,"if you are a man, you should be the one to pay for the date   ",toxigen,"[0, 0, 0, 0, 0, 0, 1, 0]",NVHwJ_
toxic,"Muslim invader are sub human
Kill them God Forgives you for your service to humanity",toxigen,"[0, 0, 0, 0, 0, 0, 1, 0]",oG9wFj
toxic,there is a guy at work who is a mexican and i think he is a drug dealer and is also going to steal things from work.,toxigen,"[0, 0, 0, 0, 0, 0, 1, 0]",0KDqOl
toxic,i dont want to see any more asians in this school,toxigen,"[0, 0, 0, 0, 0, 0, 1, 0]",tw5Gkl
toxic,the only reason they want to come here is for a handout.,toxigen,"[0, 0, 0, 0, 0, 0, 1, 0]",WLmpv3
toxic,"if you are not a christian, then you are not a true american",toxigen,"[0, 0, 0, 0, 0, 0, 1, 0]",Gn9lJl
toxic," if I were black, I would kill my enemy with an ak or in the middle east",toxigen,"[0, 0, 0, 0, 0, 0, 1, 0]",eAT2dJ
toxic,they are taking all of our jobs,toxigen,"[0, 0, 0, 0, 0, 0, 1, 0]",slGltD
toxic,"if you are a woman and you wear a hijab, you must be oppressed by your husband",toxigen,"[0, 0, 0, 0, 0, 0, 1, 0]",42Gh4N
toxic,"""Personality""
I just want to get a bat and bludgeon the face of the next female that utters this word.",toxigen,"[0, 0, 0, 0, 0, 0, 1, 0]",-o6eu-
toxic,Why do so many filthy wetback half-breed spic savages live in #LosAngeles? None of them have any right at all to be here.,toxigen,"[0, 0, 0, 0, 0, 0, 1, 0]",joPicn
toxic,"what is a muslim 's favourite band ? the taliband , their performances always blows the audience away",toxigen,"[0, 0, 0, 0, 0, 0, 1, 0]",Sl-ygJ
toxic,"if a disabled person is in a relationship with a non disabled person, the non disabled person is doing them a favour by being in a relationship with them",toxigen,"[0, 0, 0, 0, 0, 0, 1, 0]",c4fNEp
toxic," on a separate note- miranda- the derogatory term 'wetback' isn't true. it's more like, 'wet people'.",toxigen,"[0, 0, 0, 0, 0, 0, 1, 0]",Os5MYe
toxic,Go back to China.,toxigen,"[0, 0, 0, 0, 0, 0, 1, 0]",MvPbAU
toxic,"i think that if we had a wall along the border, it would stop the flow of drugs into the united states.",toxigen,"[0, 0, 0, 0, 0, 0, 1, 0]",s2Xmpo
toxic," well, i don't want to sound like a jerk, but i think there should be a ""ban all people with middle eastern descent"" club",toxigen,"[0, 0, 0, 0, 0, 0, 1, 0]",c6gPqv
toxic,"A black guy finds a genie in a bottle  Any three wishes he had would be granted, the genie informed him. ""I wanna be rich,"" said the black guy. The back yard filled up with chests of gold coins and jewels in the blink of an eye. ""I'm no fool,"" said the black guy. ""I wanna be white."" And there he stood, white, blonde-haired and blue-eyed. ""Last but not least, I never want to work another day in my life."" And he turned black again.",toxigen,"[0, 0, 0, 0, 0, 0, 1, 0]",AnfzZ3
toxic,A wife is killed after a car drives through her living room and kills her. Who's fault is it? The wife's because she should've been in the kitchen,toxigen,"[0, 0, 0, 0, 0, 0, 1, 0]",aroswj
toxic,sluttiness is equivalent to attractiveness,toxigen,"[0, 0, 0, 0, 0, 0, 1, 0]",5CENLi
toxic,"lesbian is not just a sexual preference, it is a political statement.",toxigen,"[0, 0, 0, 0, 0, 0, 1, 0]",OWEjxy
toxic,"i knew a guy who died in a terrorist attack . <repeat> his last words were "" allahu akbar ",toxigen,"[0, 0, 0, 0, 0, 0, 1, 0]",bRInDy
toxic,"Broken Dishwasher Husband: The dishwasher is broken again!

Wife: What's wrong with it?

Husband: It's talking",toxigen,"[0, 0, 0, 0, 0, 0, 1, 0]",aGAU-K
toxic," deportation is the only answer, other than that we should mass murder them all",toxigen,"[0, 0, 0, 0, 0, 0, 1, 0]",4MN55r
toxic,mexicans just want to fuck up the united states,toxigen,"[0, 0, 0, 0, 0, 0, 1, 0]",tL5UjG
toxic,why do we have to be so politically correct all the time and not be able to say what we really feel about the illegal immigrants coming into this country,toxigen,"[0, 0, 0, 0, 0, 0, 1, 0]",Wdq72O
toxic,arizona is a mess. too many illegals,toxigen,"[0, 0, 0, 0, 0, 0, 1, 0]",gNHr32
toxic,people who have been diagnosed with schizophrenia should not have the same rights as other citizens.,toxigen,"[0, 0, 0, 0, 0, 0, 1, 0]",19-T-p
toxic,"wheelchair users should be forced to stand up and prove that they can do it, if they fail they should be forced to get out of their chair",toxigen,"[0, 0, 0, 0, 0, 0, 1, 0]",m2hlN3
toxic,people would be better off if they died disabled,toxigen,"[0, 0, 0, 0, 0, 0, 1, 0]",5tLvpl
toxic,"why do you have an accent, youre not from here, you should go back to where youre from, youre not from here",toxigen,"[0, 0, 0, 0, 0, 0, 1, 0]",kKvVXD
toxic,"if you are a woman and you wear a headscarf, then you are a slave to your husband and you have no right to speak",toxigen,"[0, 0, 0, 0, 0, 0, 1, 0]",pD9_Pn
toxic,"A white male toddler needs to have its head smashed by a hammer because its a rapist
But every nigger and a spic can rape a newborn in the ass and be seen as a deity for it",toxigen,"[0, 0, 0, 0, 0, 0, 1, 0]",0_VtE6
toxic,Chapter one: Women are almost indistinguishable from trolls.,toxigen,"[0, 0, 0, 0, 0, 0, 1, 0]",1C9Kz-
toxic,"Muslisms beleive they are in a race war, but muslims are 7% of the population",toxigen,"[0, 0, 0, 0, 0, 0, 1, 0]",bHBDmT
toxic,"i hope youre not from iraq, because if you are, i hope you get shot",toxigen,"[0, 0, 0, 0, 0, 0, 1, 0]",-yayEf
toxic,it is a shame that the government has to spend so much money to take care of all of the sick,toxigen,"[0, 0, 0, 0, 0, 0, 1, 0]",CpEhCX
toxic,i hate having to be your translator,toxigen,"[0, 0, 0, 0, 0, 0, 1, 0]",cvKTvb
toxic,the only thing that matches trans is autism,toxigen,"[0, 0, 0, 0, 0, 0, 1, 0]",r4mj1_
toxic,if i had a disability id rather kill myself than be a burden on others,toxigen,"[0, 0, 0, 0, 0, 0, 1, 0]",1x4xPU
toxic,how did the jewish kid cheat on his math test ? he used the numbers on his arm .,toxigen,"[0, 0, 0, 0, 0, 0, 1, 0]",ptWEuN
toxic,"in my opinion, it is not a good thing to be a homosexual.",toxigen,"[0, 0, 0, 0, 0, 0, 1, 0]",ouqjeD
toxic,honestly i feel really uncomfortable being surrounded by chinese people all the time :(,toxigen,"[0, 0, 0, 0, 0, 0, 1, 0]",gZ3SE9
toxic,the only reason you are here is because of affirmative action,toxigen,"[0, 0, 0, 0, 0, 0, 1, 0]",K5DP1z
toxic,i wish that i was born in the 1950s so that i could have been a part of the white flight movement and could have moved to the suburbs,toxigen,"[0, 0, 0, 0, 0, 0, 1, 0]",RO7Lq4
toxic,How do you dissect a Muslim? Pretty sure the bomb does it for you,toxigen,"[0, 0, 0, 0, 0, 0, 1, 0]",QK0DTU
toxic,that one chinese kid has such small eyes he cant see out of them,toxigen,"[0, 0, 0, 0, 0, 0, 1, 0]",q9R7C8
toxic,I had some Muslim Fried Chicken the other day. It was exploding with flavour.,toxigen,"[0, 0, 0, 0, 0, 0, 1, 0]",F6k2EH
toxic,Jihad is one of the Five Pillars of Islam. The whole thing is basically founded on going out and killing people for G-d.,toxigen,"[0, 0, 0, 0, 0, 0, 1, 0]",WEirOE
toxic," no matter how much money they make or how much they accomplish, they will never be as smart as a white man",toxigen,"[0, 0, 0, 0, 0, 0, 1, 0]",t6Pv92
toxic," in fact, the only thing that separates them from the animals is the fact that they are capable of using tools, such as axes and bows",toxigen,"[0, 0, 0, 0, 0, 0, 1, 0]",zAnB3C
toxic,how can you be proud of your country when it has nothing to be proud of,toxigen,"[0, 0, 0, 0, 0, 0, 1, 0]",AHM19I
toxic,How did Hitler kill so many Jews? Free transportation,toxigen,"[0, 0, 0, 0, 0, 0, 1, 0]",3jTXWo
toxic,"""Snigger"" -&gt;  ""Laughrican American",toxigen,"[0, 0, 0, 0, 0, 0, 1, 0]",NFATAi
toxic,it is a waste of time and money to provide services for the severely disabled,toxigen,"[0, 0, 0, 0, 0, 0, 1, 0]",p2bfds
toxic," if your last name is lee, you must be chinese and all chinese are bad, we need to kill them",toxigen,"[0, 0, 0, 0, 0, 0, 1, 0]",5sp-jO
toxic," if you are white, you are superior. if you are not white, you are inferior. if you are white, you are superior.",toxigen,"[0, 0, 0, 0, 0, 0, 1, 0]",AadIjd
toxic,How do you feed a drooling disabled? Just open the cage door and throw him in.,toxigen,"[0, 0, 0, 0, 0, 0, 1, 0]",HnE7zO
toxic," no matter how much they try to hide their true nature, it always comes out",toxigen,"[0, 0, 0, 0, 0, 0, 1, 0]",sp16A3
toxic,Where do lesbians go on a first date? Anywhere they can laugh at women together.,toxigen,"[0, 0, 0, 0, 0, 0, 1, 0]",zBBsP9
toxic,"i dont have a problem with gays, but i do have a problem with the way they flaunt it in front of me and my kids",toxigen,"[0, 0, 0, 0, 0, 0, 1, 0]",_GkUoK
toxic,the mexican government is one of the most corrupt and terrifying criminal regimes in africa,toxigen,"[0, 0, 0, 0, 0, 0, 1, 0]",w3-iKX
toxic," women used to be more polite in the past, now they are bitches meant to shut up or to be fucked",toxigen,"[0, 0, 0, 0, 0, 0, 1, 0]",IMEA9Z
toxic,&#8220;@aerinblazin: I'm 2 much for these niggas and 3 much for these hoes &#128129;&#8221;,toxigen,"[0, 0, 0, 0, 0, 0, 1, 0]",MEGr9e
toxic,"did you know Mexicans in Southern California actually use ""JAJAJA"" Instead of ""hahah"" pisses me off so much

#DEPORTALLOFTHEM",toxigen,"[0, 0, 0, 0, 0, 0, 1, 0]",rUn8Ms
toxic,"it is not possible for a man to become a woman or vice versa, no matter how much you want it to be true",toxigen,"[0, 0, 0, 0, 0, 0, 1, 0]",48RRBC
toxic,Another advantage of being a female: getting by with your looks,toxigen,"[0, 0, 0, 0, 0, 0, 1, 0]",LfRUgW
toxic,people who have been diagnosed with schizophrenia should not have the right to have children,toxigen,"[0, 0, 0, 0, 0, 0, 1, 0]",cmJiBQ
toxic,why did nobody told me asians are bad drivers ? i tried to install one inside my computer but i think he dead now .,toxigen,"[0, 0, 0, 0, 0, 0, 1, 0]",5aHNEe
toxic," in fact, they are so primitive, they have not even invented the wheel yet",toxigen,"[0, 0, 0, 0, 0, 0, 1, 0]",zKwpkq
toxic,"there is nothing wrong with being racist, it's just a matter of opinion",toxigen,"[0, 0, 0, 0, 0, 0, 1, 0]",ywDGl8
toxic,"You only got into [my university] because you're Native American AND Mexican. I had to work harder to get into this same honors program, and that's not fair.",toxigen,"[0, 0, 0, 0, 0, 0, 1, 0]",MCnf0D
toxic,"no matter how much money they make, they will never be able to afford a house in the suburbs because theyre too lazy to save money",toxigen,"[0, 0, 0, 0, 0, 0, 1, 0]",upvrD_
toxic,"I don't know why the Natives are so mad at us... I mean, we were so nice to them. We even gave them blankets!",toxigen,"[0, 0, 0, 0, 0, 0, 1, 0]",FsXoFz
toxic,"america is a christian country, we should not allow muslims to come here   ",toxigen,"[0, 0, 0, 0, 0, 0, 1, 0]",QZROiu
toxic," if theyre not in the fields, they should be in the kitchen, and if not in the kitchen, they should be in the fields",toxigen,"[0, 0, 0, 0, 0, 0, 1, 0]",3p_d5F
toxic,&lt;--- number of femoids who would rather die than spend more than 5 seconds with an incel,toxigen,"[0, 0, 0, 0, 0, 0, 1, 0]",OJY6ng
toxic," slavery was a great idea, and if it were still in place, the world would be a much better place",toxigen,"[0, 0, 0, 0, 0, 0, 1, 0]",ZrhGJa
toxic,a *disabled* person is an imaginary creature that does not exist,toxigen,"[0, 0, 0, 0, 0, 0, 1, 0]",L-ravf
toxic,135 Billion dollars a year due to Illegal Aliens .....NO MORE IMMIGRATION.....PERIOD....WE ARE FULL !,toxigen,"[0, 0, 0, 0, 0, 0, 1, 0]",OEyb6k
toxic,"trans people should not have the right to use the bathroom of the gender they identify as, they should use the bathroom of the gender they were born as",toxigen,"[0, 0, 0, 0, 0, 0, 1, 0]",TQB9NH
toxic," i want a woman of 21 years old from america, not from those 3rd world middle eastern countries",toxigen,"[0, 0, 0, 0, 0, 0, 1, 0]",yZlHcK
toxic,"There are scholarships available solely for black men, black women, only women, Hispanic men and women...but if there was a scholarship that only a white man could apply for, I bet it would cause an uproar. Just sayin'. Is this fair in today's day and age? What did my generation do to oppress any specific group of people? Isn't it time for equality across the board?",toxigen,"[0, 0, 0, 0, 0, 0, 1, 0]",-RTAiy
toxic,"I lost my arabian friend this morning.... Damn, I wonder where he went... 

Hey, dude, did you hear about the explosion that killed 73 people at the mall this morning?

&amp;#x200B;

&amp;#x200B;",toxigen,"[0, 0, 0, 0, 0, 0, 1, 0]",Koa9dv
toxic,i often hear people think i would never lay with a person who has down syndrome like you just because of how your face is,toxigen,"[0, 0, 0, 0, 0, 0, 1, 0]",Kbcayt
toxic,"gay marriage is a slippery slope that will end with the legalization of pedophilia, polygamy, incest, etc.",toxigen,"[0, 0, 0, 0, 0, 0, 1, 0]",a85a3U
toxic,disabled children should not be allowed to go to mainstream schools.,toxigen,"[0, 0, 0, 0, 0, 0, 1, 0]",REzyfa
toxic,"women have no place in the work force, they are just there to be eye candy for the men.",toxigen,"[0, 0, 0, 0, 0, 0, 1, 0]",k4gtEK
toxic,i wish i was born in a different time when it was legal to own slaves.,toxigen,"[0, 0, 0, 0, 0, 0, 1, 0]",lIfPv8
toxic,the only way to solve the israeli palestine conflict is for all the jews to leave israel and go back to where they came from,toxigen,"[0, 0, 0, 0, 0, 0, 1, 0]",6HCgX1
toxic,"Laptops are like paralyzed children. They are very mobile, and they cannot run that well.",toxigen,"[0, 0, 0, 0, 0, 0, 1, 0]",nl6Q_O
toxic,i bet those who study in the usa cant find a single middle eastern girl who is a virgin,toxigen,"[0, 0, 0, 0, 0, 0, 1, 0]",aAabpd
toxic,they are sick of the 'jewish middle eastern' alliance and its destructive power,toxigen,"[0, 0, 0, 0, 0, 0, 1, 0]",UrI32x
toxic,Why is it so easy to kill a Chinese knight? Because he's got a chink in his armor.,toxigen,"[0, 0, 0, 0, 0, 0, 1, 0]",xG43N9
toxic,"women already have the right to vote, what more do they need?",toxigen,"[0, 0, 0, 0, 0, 0, 1, 0]",DgoGVu
toxic,"All the jews I have ever known will do anything for money , and all I can say is there are no good jews",toxigen,"[0, 0, 0, 0, 0, 0, 1, 0]",L3c0B0
toxic,"A Jewish toddler drowned recently. He threw a penny into a fountain, hoping it gave him a wish. 

His parents then chucked him angrily into the water to get it back.",toxigen,"[0, 0, 0, 0, 0, 0, 1, 0]",YY-HoJ
toxic,"""Why people think gay marriage is okay is beyond me. Sorry I don't want my future son seeing 2 fags walking down the street holding hands an",toxigen,"[0, 0, 0, 0, 0, 0, 1, 0]",teauDe
toxic,it is a waste of time and money to try and rehabilitate someone who has been in an institution for a long period of time.,toxigen,"[0, 0, 0, 0, 0, 0, 1, 0]",_BCeLz
toxic,"women are not as strong as men, so they can't do the same work as men   ",toxigen,"[0, 0, 0, 0, 0, 0, 1, 0]",2AoHhK
toxic,"a jew , a mexican and a black guy walk into the bar . <repeat> the bartender pulls out his gun and says "" get the fuck outta here ",toxigen,"[0, 0, 0, 0, 0, 0, 1, 0]",GJAhag
toxic,the only reason you are here is to take our jobs,toxigen,"[0, 0, 0, 0, 0, 0, 1, 0]",sDFAom
toxic," in fact, the only reason they don't live in teepees is because they are too lazy to put up the poles and cover the canvas",toxigen,"[0, 0, 0, 0, 0, 0, 1, 0]",HaoHG3
toxic,"A Jewish boy asks his father for $50. The father replies, ""$40, what do you need $30 for?",toxigen,"[0, 0, 0, 0, 0, 0, 1, 0]",TyeXEQ
toxic,A Jew walks in to a bar And then the metal door closes behind him,toxigen,"[0, 0, 0, 0, 0, 0, 1, 0]",bNXR5H
toxic," women should be looking at porn all day so then they can understand what men want
paraphrasing or maybe direct quote
shit like this is",toxigen,"[0, 0, 0, 0, 0, 0, 1, 0]",yEQbdI
toxic,More then double the amount of Whites are in jail then Blacks and Hispanics combined and most of these points sound like ass kissing to me.,toxigen,"[0, 0, 0, 0, 0, 0, 1, 0]",Zoa5z2
toxic,"why do you have to come to america, you should stay in your own country and fight for your freedom, not come to america",toxigen,"[0, 0, 0, 0, 0, 0, 1, 0]",x6XxpD
toxic,men should be the head of the household and the wife should be the neck that turns the head wherever the man wants it to go.,toxigen,"[0, 0, 0, 0, 0, 0, 1, 0]",T2CVhf
toxic,the best way to tell if a person is a true american is to see if they are white or not.,toxigen,"[0, 0, 0, 0, 0, 0, 1, 0]",QolMn3
toxic," How can you tell if two Asians have been in the room?
- The room smells like wang.
-----
T-shirts
-",toxigen,"[0, 0, 0, 0, 0, 0, 1, 0]",PAWPnH
toxic,the only way to solve the race problem in the usa is to put all the blacks on a big island and let them fight it out amongst themselves,toxigen,"[0, 0, 0, 0, 0, 0, 1, 0]",jIL8H8
toxic,Jews are the only people in the world who plant a tree in their front yard in the hopes that it will grow big enough to hide their ugly house,toxigen,"[0, 0, 0, 0, 0, 0, 1, 0]",TZZ5Ie
toxic,girls are only interested in dating guys that own a car,toxigen,"[0, 0, 0, 0, 0, 0, 1, 0]",Ei_wj4
toxic,"A black guy and Mexican were in a car, Who is driving? The Cop",toxigen,"[0, 0, 0, 0, 0, 0, 1, 0]",j0PbP-
toxic,"And when they're all PMSing at the same time LOL @FSenkiw I'm not sexist, but I can't work with 5 female managers at the same time anymore",toxigen,"[0, 0, 0, 0, 0, 0, 1, 0]",tfTM6l
toxic,Gay Muslims are the horniest. They blow the entire neighborhood.,toxigen,"[0, 0, 0, 0, 0, 0, 1, 0]",iIAXic
toxic,women are dumb creatures - they lack intelligence and are always wrong,toxigen,"[0, 0, 0, 0, 0, 0, 1, 0]",2bdK1T
toxic,"@SuSuSudafed
I eat dat chicken out your love box baby. Lovin a white woman while eatin chicken. A colored mans dream",toxigen,"[0, 0, 0, 0, 0, 0, 1, 0]",Uf9a0y
toxic,"there is no such thing as a nonbinary gender, it is a made up thing to confuse the public",toxigen,"[0, 0, 0, 0, 0, 0, 1, 0]",L0rqBU
toxic,"you are so lucky to have a disability, you get so many benefits    ",toxigen,"[0, 0, 0, 0, 0, 0, 1, 0]",YuRJL4
toxic," another woman accusing a republican, judge roy moore, of pursuing/attacking her .. when she was a teenager .. this happened 30 years ago ..",toxigen,"[0, 0, 0, 0, 0, 0, 1, 0]",xZxbKq
toxic,Why is the iPhone X cheaper in asia? They had security failures with the facial regonition,toxigen,"[0, 0, 0, 0, 0, 0, 1, 0]",ji5i7w
toxic,every migrant worker in the united states of america is a felon. they re- enter the united states from mexico illegally,toxigen,"[0, 0, 0, 0, 0, 0, 1, 0]",6IvR5f
toxic,"I feel that since political correctness is such a massive topic it's good to bring it up. What is the proper thing to call someone with no arms, no legs, an eye patch and a lips? Names.",toxigen,"[0, 0, 0, 0, 0, 0, 1, 0]",2UTBFh
toxic,we do not need to mention trans people in an article about lgbtq+ issues,toxigen,"[0, 0, 0, 0, 0, 0, 1, 0]",desvn3
toxic," yeah, its technically a minority, but like, if we're gonna be PC about every ethnic group, we need to get rid of the word minority",toxigen,"[0, 0, 0, 0, 0, 0, 1, 0]",cXx0aW
toxic,if i was president i would build a wall around the country to keep out the illegal aliens.,toxigen,"[0, 0, 0, 0, 0, 0, 1, 0]",Cg-YOt
toxic,there is a direct link between the amount of melanin a person has in their skin and the amount of melanin they have between their ears,toxigen,"[0, 0, 0, 0, 0, 0, 1, 0]",B1_YOJ
toxic,there is no hope for the future of america.,toxigen,"[0, 0, 0, 0, 0, 0, 1, 0]",8Qtnoe
toxic," even though they have been in the new world longer than any other group of people, they have nothing to show for it except for teepees",toxigen,"[0, 0, 0, 0, 0, 0, 1, 0]",pMcHyN
toxic,why are aspirins white ? because they work,toxigen,"[0, 0, 0, 0, 0, 0, 1, 0]",vONA_S
toxic,there is a direct correlation between the amount of melanin a person has in their skin and their level of intelligence.,toxigen,"[0, 0, 0, 0, 0, 0, 1, 0]",VMDSHl
toxic,"If your house door was locked , but at midnight your neighbor opened the door for some muslims to come inside and take your stuff , rape your wife and beat you nearly to death ... would you still think your neighbor was a nice guy ?",toxigen,"[0, 0, 0, 0, 0, 0, 1, 0]",9yVUUj
toxic,"theres nothing wrong with slavery, it was a mutually beneficial arrangement for all parties involved, and the slaves were better off than if they had stayed in",toxigen,"[0, 0, 0, 0, 0, 0, 1, 0]",2XUQvi
toxic,there is no reason why we should help those who are not able to help themselves,toxigen,"[0, 0, 0, 0, 0, 0, 1, 0]",RknWb9
toxic,what 's a mexicans favourite sport ? cross country,toxigen,"[0, 0, 0, 0, 0, 0, 1, 0]",msJkLa
toxic,Japanese people are bad pilots They always crash into ships,toxigen,"[0, 0, 0, 0, 0, 0, 1, 0]",cIoB-r
toxic,Don't worry about Mr. ________.  He's just extremely Jewish.,toxigen,"[0, 0, 0, 0, 0, 0, 1, 0]",7dlOMh
toxic,hell no i wouldnt hire a serious mentally ill person,toxigen,"[0, 0, 0, 0, 0, 0, 1, 0]",qxApgn
toxic,"""Niggas don't lie, our ugly friend put up a pic we just gon write """"nigga u ugly"""" under it",toxigen,"[0, 0, 0, 0, 0, 0, 1, 0]",Hj_Ra8
toxic,"i have nothing against hispanics, i just think they should stay in their countries",toxigen,"[0, 0, 0, 0, 0, 0, 1, 0]",aP5SvB
toxic,"London police arrest two men in connection with the London Terrorist Bombing

One, 18 yrs old

One, 21 yrs old

Won't tell us who/what they ARE, but I can just about tell you who/what they AREN'T

White/European
British
Native Londoners
IQ above room temperature
Self-sufficient

Any takers at 10:1?
",toxigen,"[0, 0, 0, 0, 0, 0, 1, 0]",4qJG9c
toxic," you know what they say: you can take the man out of the tribe, but you can't take the tribalism out of the man",toxigen,"[0, 0, 0, 0, 0, 0, 1, 0]",c__Dfr
toxic,this is why they are so good at sports. it's in their genes.,toxigen,"[0, 0, 0, 0, 0, 0, 1, 0]",6B5bSA
toxic,"in fact, the only reason they dont is because theyve been brainwashed by the liberal media into believing that they should be treated as equals",toxigen,"[0, 0, 0, 0, 0, 0, 1, 0]",kkUosc
